{
  "TSAI": {
    "time": 1689769583.5598805,
    "frame_id": "world",
    "child_frame_id": "camera_estimate_TSAI",
    "translation": {
      "x": 1.547314317766034,
      "y": 0.014564326898404992,
      "z": 0.7913721732780783
    },
    "rotation": {
      "x": 0.57881998586973,
      "y": 0.6063348372308811,
      "z": -0.3632102237764239,
      "w": -0.4066986875590414
    }
  },
  "PARK": {
    "time": 1689769583.5599608,
    "frame_id": "world",
    "child_frame_id": "camera_estimate_PARK",
    "translation": {
      "x": 1.5524715227456227,
      "y": 0.014907114723388473,
      "z": 0.7922147013164434
    },
    "rotation": {
      "x": 0.5890952426262763,
      "y": 0.5979913996329259,
      "z": -0.37418821701427285,
      "w": -0.3941525838147236
    }
  },
  "HORAUD": {
    "time": 1689769583.560005,
    "frame_id": "world",
    "child_frame_id": "camera_estimate_HORAUD",
    "translation": {
      "x": 1.5524801329571734,
      "y": 0.01490602657824655,
      "z": 0.7922212596692497
    },
    "rotation": {
      "x": 0.5891351000663712,
      "y": 0.5980745449597215,
      "z": -0.37398556662591054,
      "w": -0.39415919182039344
    }
  },
  "ANDREFF": {
    "time": 1689769583.560057,
    "frame_id": "world",
    "child_frame_id": "camera_estimate_ANDREFF",
    "translation": {
      "x": 1.5124361673044877,
      "y": 0.012029430595868154,
      "z": 0.7874752196786551
    },
    "rotation": {
      "x": 0.5902558299595929,
      "y": 0.5969344708594116,
      "z": -0.3753455634709206,
      "w": -0.39291602242871637
    }
  },
  "DANIILIDIS": {
    "time": 1689769583.5600948,
    "frame_id": "world",
    "child_frame_id": "camera_estimate_DANIILIDIS",
    "translation": {
      "x": 1.5839241809411206,
      "y": 0.017450735905220116,
      "z": 0.799492436454539
    },
    "rotation": {
      "x": 0.5906309243595483,
      "y": 0.5973053005564837,
      "z": -0.37453922850172366,
      "w": -0.3925580917910722
    }
  },
  "MEAN": {
    "time": 1689769583.560646,
    "frame_id": "world",
    "child_frame_id": "camera_estimate_MEAN",
    "translation": {
      "x": 1.5524758278382569,
      "y": 0.01490657065247825,
      "z": 0.7922179804828371
    },
    "rotation": {
      "x": 0.5891151749997661,
      "y": 0.5980329760050705,
      "z": -0.37408689414002,
      "w": -0.3941558902619461
    }
  }
}