{
  "TSAI": {
    "time": 1688989824.238142,
    "frame_id": "panda_hand",
    "child_frame_id": "camera_estimate_TSAI",
    "translation": {
      "x": 0.034656117555189825,
      "y": -0.0413714331135394,
      "z": 0.062263872881793435
    },
    "rotation": {
      "x": 0.005623980109663351,
      "y": -0.005848178783638499,
      "z": 0.6952015834915527,
      "w": 0.7187690365920603
    }
  },
  "PARK": {
    "time": 1688989824.2383184,
    "frame_id": "panda_hand",
    "child_frame_id": "camera_estimate_PARK",
    "translation": {
      "x": 0.03430218517930261,
      "y": -0.04149986236683627,
      "z": 0.062264212214990046
    },
    "rotation": {
      "x": 0.005725040193816083,
      "y": -0.005344703329183767,
      "z": 0.6952394213960589,
      "w": 0.7187355598535357
    }
  },
  "HORAUD": {
    "time": 1688989824.2383742,
    "frame_id": "panda_hand",
    "child_frame_id": "camera_estimate_HORAUD",
    "translation": {
      "x": 0.034304575927074483,
      "y": -0.041494155247167645,
      "z": 0.06226223642044033
    },
    "rotation": {
      "x": 0.005736633246412025,
      "y": -0.005358034111827362,
      "z": 0.6952215237659959,
      "w": 0.7187526802746127
    }
  },
  "ANDREFF": {
    "time": 1688989824.238415,
    "frame_id": "panda_hand",
    "child_frame_id": "camera_estimate_ANDREFF",
    "translation": {
      "x": 0.03439881631130573,
      "y": -0.03678767352664458,
      "z": 0.068122618009822
    },
    "rotation": {
      "x": 0.0061825541731375016,
      "y": -0.005147158806931326,
      "z": 0.6951181972123741,
      "w": 0.7188504536301912
    }
  },
  "DANIILIDIS": {
    "time": 1688989824.238453,
    "frame_id": "panda_hand",
    "child_frame_id": "camera_estimate_DANIILIDIS",
    "translation": {
      "x": 0.0335107824013123,
      "y": -0.04113704322284792,
      "z": 0.062100570199319985
    },
    "rotation": {
      "x": 0.006680627804876501,
      "y": -0.0049052004916174405,
      "z": 0.6949431999721251,
      "w": 0.7190168683923714
    }
  },
  "MEAN": {
    "time": 1688989824.2444062,
    "frame_id": "panda_hand",
    "child_frame_id": "camera_estimate_MEAN",
    "translation": {
      "x": 0.03430338057769761,
      "y": -0.041497008748494664,
      "z": 0.06226322429746006
    },
    "rotation": {
      "x": 0.005730836720777073,
      "y": -0.005351368721124405,
      "z": 0.6952304726614607,
      "w": 0.7187441201472277
    }
  }
}