{"TSAI": {"time": 1692177674.7535741, "frame_id": "world", "child_frame_id": "camera_estimate_TSAI", "translation": {"x": 0.018159006014962564, "y": -0.03990156802875405, "z": 1.5777971173517709}, "rotation": {"x": -0.6766046631924925, "y": 0.7023540462168902, "z": -0.15797893255343018, "w": 0.15475005776482026}}, "PARK": {"time": 1692177674.753655, "frame_id": "world", "child_frame_id": "camera_estimate_PARK", "translation": {"x": 0.018042873512120305, "y": -0.04021618460256188, "z": 1.5783292537266629}, "rotation": {"x": -0.6796874589716461, "y": 0.7010337230507288, "z": -0.15160372548840131, "w": 0.153600090105243}}, "HORAUD": {"time": 1692177674.753701, "frame_id": "world", "child_frame_id": "camera_estimate_HORAUD", "translation": {"x": 0.018048153275009415, "y": -0.040215767784086254, "z": 1.57834771393387}, "rotation": {"x": -0.6797536746487594, "y": 0.7009379058078129, "z": -0.15176795308799793, "w": 0.15358216829679755}}, "ANDREFF": {"time": 1692177674.7537403, "frame_id": "world", "child_frame_id": "camera_estimate_ANDREFF", "translation": {"x": 0.022503308944190475, "y": -0.03650562853912321, "z": 1.5754231342822216}, "rotation": {"x": -0.6795460532371234, "y": 0.7011191638540679, "z": -0.1517224366058439, "w": 0.1537185149447102}}, "DANIILIDIS": {"time": 1692177674.7537775, "frame_id": "world", "child_frame_id": "camera_estimate_DANIILIDIS", "translation": {"x": 0.003638627784381371, "y": -0.027961975298514352, "z": 1.600216610785394}, "rotation": {"x": -0.678922209042338, "y": 0.7007024247744945, "z": -0.1565663807866257, "w": 0.15351779828929715}}, "MEAN": {"time": 1692177674.754283, "frame_id": "world", "child_frame_id": "camera_estimate_MEAN", "translation": {"x": 0.019533296568233483, "y": -0.03897765272514125, "z": 1.5773654898588596}, "rotation": {"x": 0.6796624029027837, "y": -0.7010302717499126, "z": 0.15169804001948478, "w": -0.15363359276181954}}}