{
  "TSAI": {
    "time": 1690454847.3577902,
    "frame_id": "panda_hand",
    "child_frame_id": "camera_estimate_TSAI",
    "translation": {
      "x": 0.028393571095894722,
      "y": -0.031124805894915446,
      "z": 0.06795550948742582
    },
    "rotation": {
      "x": 0.017115131486796286,
      "y": 0.006854676144902108,
      "z": 0.6955141266460223,
      "w": 0.7182758420864224
    }
  },
  "PARK": {
    "time": 1690454847.3578932,
    "frame_id": "panda_hand",
    "child_frame_id": "camera_estimate_PARK",
    "translation": {
      "x": 0.028365063417992206,
      "y": -0.031489541689731254,
      "z": 0.06796857706476753
    },
    "rotation": {
      "x": 0.016411592007799486,
      "y": 0.006858382290825745,
      "z": 0.6955570624477196,
      "w": 0.718250649229934
    }
  },
  "HORAUD": {
    "time": 1690454847.3579392,
    "frame_id": "panda_hand",
    "child_frame_id": "camera_estimate_HORAUD",
    "translation": {
      "x": 0.028367287882925668,
      "y": -0.03149606521754668,
      "z": 0.06797004869514556
    },
    "rotation": {
      "x": 0.016380103870318182,
      "y": 0.0068509564206677585,
      "z": 0.6955799658469888,
      "w": 0.7182292584583433
    }
  },
  "ANDREFF": {
    "time": 1690454847.3579776,
    "frame_id": "panda_hand",
    "child_frame_id": "camera_estimate_ANDREFF",
    "translation": {
      "x": 0.02860120747702307,
      "y": -0.031639712508324674,
      "z": 0.06697004268034668
    },
    "rotation": {
      "x": 0.016100914680432312,
      "y": 0.006457542409342264,
      "z": 0.6956203150785425,
      "w": 0.7182001378045776
    }
  },
  "DANIILIDIS": {
    "time": 1690454847.3580143,
    "frame_id": "panda_hand",
    "child_frame_id": "camera_estimate_DANIILIDIS",
    "translation": {
      "x": 0.029630831796027768,
      "y": -0.03153695405451525,
      "z": 0.06833882351656828
    },
    "rotation": {
      "x": 0.016647296355998632,
      "y": 0.0061228449803449915,
      "z": 0.6957856229540494,
      "w": 0.718030462573718
    }
  },
  "MEAN": {
    "time": 1690454847.3591235,
    "frame_id": "panda_hand",
    "child_frame_id": "camera_estimate_MEAN",
    "translation": {
      "x": 0.028366175618513952,
      "y": -0.03149280335995622,
      "z": 0.06796931285882282
    },
    "rotation": {
      "x": 0.016395847943216777,
      "y": 0.0068546693574849105,
      "z": 0.6955685143237484,
      "w": 0.7182399540262822
    }
  }
}