{
  "TSAI": {
    "time": 1689765068.8741786,
    "frame_id": "panda_hand",
    "child_frame_id": "camera_estimate_TSAI",
    "translation": {
      "x": 0.029711267646191718,
      "y": -0.03514089246741296,
      "z": 0.06584467006940461
    },
    "rotation": {
      "x": 0.00714148934656229,
      "y": 0.005627102962702164,
      "z": 0.6927675991968958,
      "w": 0.7211035905784476
    }
  },
  "PARK": {
    "time": 1689765068.8752072,
    "frame_id": "panda_hand",
    "child_frame_id": "camera_estimate_PARK",
    "translation": {
      "x": 0.029712078951145977,
      "y": -0.035095023013036276,
      "z": 0.0658338903414386
    },
    "rotation": {
      "x": 0.0073247742517202705,
      "y": 0.005486586031633775,
      "z": 0.692745767416782,
      "w": 0.7211238082202062
    }
  },
  "HORAUD": {
    "time": 1689765068.875268,
    "frame_id": "panda_hand",
    "child_frame_id": "camera_estimate_HORAUD",
    "translation": {
      "x": 0.02970072547187281,
      "y": -0.03509819310427083,
      "z": 0.06583515119339468
    },
    "rotation": {
      "x": 0.007304732960063894,
      "y": 0.005558075061721685,
      "z": 0.6928137000896929,
      "w": 0.7210581985152235
    }
  },
  "ANDREFF": {
    "time": 1689765068.8753078,
    "frame_id": "panda_hand",
    "child_frame_id": "camera_estimate_ANDREFF",
    "translation": {
      "x": 0.02933193964656913,
      "y": -0.03480221894683738,
      "z": 0.06938499443927021
    },
    "rotation": {
      "x": 0.007420173924973627,
      "y": 0.005438738802168079,
      "z": 0.6932484680649292,
      "w": 0.7206399396819425
    }
  },
  "DANIILIDIS": {
    "time": 1689765068.8753448,
    "frame_id": "panda_hand",
    "child_frame_id": "camera_estimate_DANIILIDIS",
    "translation": {
      "x": 0.029619932340662417,
      "y": -0.033900198199439756,
      "z": 0.06584956493794927
    },
    "rotation": {
      "x": 0.007515705005568587,
      "y": 0.005464154933919724,
      "z": 0.6934964269101965,
      "w": 0.7204001409299682
    }
  },
  "MEAN": {
    "time": 1689765068.877453,
    "frame_id": "panda_hand",
    "child_frame_id": "camera_estimate_MEAN",
    "translation": {
      "x": 0.02970640214856408,
      "y": -0.035096608076229,
      "z": 0.06583452077440699
    },
    "rotation": {
      "x": 0.007314753619087728,
      "y": 0.005522330556640086,
      "z": 0.6927797350029963,
      "w": 0.7210910046685465
    }
  }
}