{
  "TSAI": {
    "time": 1688032113.4574406,
    "frame_id": "world",
    "child_frame_id": "camera_estimate_TSAI",
    "translation": {
      "x": 0.3937984829644309,
      "y": 0.06657054972787124,
      "z": 1.2087672353661056
    },
    "rotation": {
      "x": -0.6387707063785281,
      "y": 0.7662844103902338,
      "z": -0.04644143693595547,
      "w": -0.051218941817377545
    }
  },
  "PARK": {
    "time": 1688032113.457543,
    "frame_id": "world",
    "child_frame_id": "camera_estimate_PARK",
    "translation": {
      "x": 0.40758058215725995,
      "y": 0.07088598354369197,
      "z": 1.2137956007895734
    },
    "rotation": {
      "x": -0.6881759456811474,
      "y": 0.7252731707731805,
      "z": -0.012537449930996898,
      "w": -0.015346266376654994
    }
  },
  "HORAUD": {
    "time": 1688032113.45759,
    "frame_id": "world",
    "child_frame_id": "camera_estimate_HORAUD",
    "translation": {
      "x": 0.40757931748204357,
      "y": 0.07088845846751007,
      "z": 1.2138014672154644
    },
    "rotation": {
      "x": -0.6880349815641804,
      "y": 0.7254088746656544,
      "z": -0.01245844099785826,
      "w": -0.015317178205849921
    }
  },
  "ANDREFF": {
    "time": 1688032113.4576333,
    "frame_id": "world",
    "child_frame_id": "camera_estimate_ANDREFF",
    "translation": {
      "x": 0.4211596154276941,
      "y": 0.08191530547408171,
      "z": 1.2122133006337923
    },
    "rotation": {
      "x": -0.6885845466797231,
      "y": 0.7249146665637957,
      "z": -0.011196650723944213,
      "w": -0.014989439187220706
    }
  },
  "DANIILIDIS": {
    "time": 1688032113.4576743,
    "frame_id": "world",
    "child_frame_id": "camera_estimate_DANIILIDIS",
    "translation": {
      "x": 0.459581689218151,
      "y": 0.07879382528554812,
      "z": 1.2185171429660626
    },
    "rotation": {
      "x": -0.6804540749897765,
      "y": 0.7326643608043245,
      "z": 0.004683673045084066,
      "w": -0.012776910573569581
    }
  }
}