{
  "TSAI": {
    "time": 1690456063.2232924,
    "frame_id": "panda_hand",
    "child_frame_id": "camera_estimate_TSAI",
    "translation": {
      "x": 0.02973059820380254,
      "y": -0.03680166469884495,
      "z": 0.06228336118608058
    },
    "rotation": {
      "x": 0.010839827692957039,
      "y": 0.006328006591282275,
      "z": 0.6929318911536024,
      "w": 0.7208937846107842
    }
  },
  "PARK": {
    "time": 1690456063.2233734,
    "frame_id": "panda_hand",
    "child_frame_id": "camera_estimate_PARK",
    "translation": {
      "x": 0.02961023685484977,
      "y": -0.03721633691934683,
      "z": 0.06225794802625375
    },
    "rotation": {
      "x": 0.010622380897326512,
      "y": 0.006763197023586348,
      "z": 0.692911011467182,
      "w": 0.7209131392738095
    }
  },
  "HORAUD": {
    "time": 1690456063.2234159,
    "frame_id": "panda_hand",
    "child_frame_id": "camera_estimate_HORAUD",
    "translation": {
      "x": 0.029607420313388123,
      "y": -0.03720182912195459,
      "z": 0.062257486808868674
    },
    "rotation": {
      "x": 0.010631529873020058,
      "y": 0.006755820949097279,
      "z": 0.6929412863764518,
      "w": 0.7208839733901782
    }
  },
  "ANDREFF": {
    "time": 1690456063.223454,
    "frame_id": "panda_hand",
    "child_frame_id": "camera_estimate_ANDREFF",
    "translation": {
      "x": 0.028679200090598184,
      "y": -0.03766879807297275,
      "z": 0.0660046878901091
    },
    "rotation": {
      "x": 0.010227163536180939,
      "y": 0.007081755641920633,
      "z": 0.6932389174015369,
      "w": 0.7206004838070661
    }
  },
  "DANIILIDIS": {
    "time": 1690456063.2234888,
    "frame_id": "panda_hand",
    "child_frame_id": "camera_estimate_DANIILIDIS",
    "translation": {
      "x": 0.029087778781999817,
      "y": -0.038885027318747434,
      "z": 0.06227184454658226
    },
    "rotation": {
      "x": 0.009975170030224072,
      "y": 0.007407179936131556,
      "z": 0.6933262298520949,
      "w": 0.7205167372569092
    }
  },
  "MEAN": {
    "time": 1690456063.2291033,
    "frame_id": "panda_hand",
    "child_frame_id": "camera_estimate_MEAN",
    "translation": {
      "x": 0.029649461994116635,
      "y": -0.03707313082405018,
      "z": 0.06226627451125255
    },
    "rotation": {
      "x": 0.010697913096239122,
      "y": 0.006615675029598148,
      "z": 0.69292808093769,
      "w": 0.7208969844210047
    }
  }
}