{
  "TSAI": {
    "time": 1686303684.7234404,
    "frame_id": "world",
    "child_frame_id": "camera_estimate_TSAI",
    "translation": {
      "x": 0.033610434992842025,
      "y": -0.03902005597466658,
      "z": 0.07196366750071341
    },
    "rotation": {
      "x": 0.008611962536564623,
      "y": 0.0036755254521442316,
      "z": 0.693069539038641,
      "w": 0.7208099185434986
    }
  },
  "PARK": {
    "time": 1686303684.7235072,
    "frame_id": "world",
    "child_frame_id": "camera_estimate_PARK",
    "translation": {
      "x": 0.033288536802062105,
      "y": -0.03796592952327993,
      "z": 0.07120646657152625
    },
    "rotation": {
      "x": 0.009179498430558678,
      "y": 0.0030389568165260965,
      "z": 0.6937709647289552,
      "w": 0.7201307867666024
    }
  },
  "HORAUD": {
    "time": 1686303684.723595,
    "frame_id": "world",
    "child_frame_id": "camera_estimate_HORAUD",
    "translation": {
      "x": 0.03328156219214391,
      "y": -0.03798240793412035,
      "z": 0.0712053399814035
    },
    "rotation": {
      "x": 0.00919616445883936,
      "y": 0.0030493590398512436,
      "z": 0.6937481788127161,
      "w": 0.7201524813279002
    }
  },
  "ANDREFF": {
    "time": 1686303684.7236454,
    "frame_id": "world",
    "child_frame_id": "camera_estimate_ANDREFF",
    "translation": {
      "x": 0.033650005601657915,
      "y": -0.0382112659488349,
      "z": 0.0699914637301795
    },
    "rotation": {
      "x": 0.009156406748369478,
      "y": 0.003084130965014608,
      "z": 0.6936928579295192,
      "w": 0.7202061282780265
    }
  },
  "DANIILIDIS": {
    "time": 1686303684.7236953,
    "frame_id": "world",
    "child_frame_id": "camera_estimate_DANIILIDIS",
    "translation": {
      "x": 0.033965741853290994,
      "y": -0.03886432282486632,
      "z": 0.0722894861328407
    },
    "rotation": {
      "x": 0.008547129088264707,
      "y": 0.003762006409714777,
      "z": 0.6929561975910944,
      "w": 0.7209192063693504
    }
  },
  "MEAN": {
    "time": 1686303684.7608495,
    "frame_id": "world",
    "child_frame_id": "camera_estimate_MEAN",
    "translation": {
      "x": 0.03355786564327367,
      "y": -0.03840521482790298,
      "z": 0.07132393786114397
    },
    "rotation": {
      "x": 0.008938234246365565,
      "y": 0.003321996437283369,
      "z": 0.693447700227369,
      "w": 0.720443862738521
    }
  }
}