{"TSAI": {"time": 1692176926.0033584, "frame_id": "world", "child_frame_id": "camera_estimate_TSAI", "translation": {"x": 0.0138082035568734, "y": -0.04150754993334113, "z": 1.6016530751631184}, "rotation": {"x": -0.6875467033083368, "y": 0.6950628618312422, "z": -0.14685107093214186, "w": 0.15033932233080105}}, "PARK": {"time": 1692176926.0034306, "frame_id": "world", "child_frame_id": "camera_estimate_PARK", "translation": {"x": 0.01390000390095858, "y": -0.041560036346992374, "z": 1.6010689984018167}, "rotation": {"x": -0.6860793761775655, "y": 0.6963900746537559, "z": -0.1471656143707838, "w": 0.15059294623058728}}, "HORAUD": {"time": 1692176926.00352, "frame_id": "world", "child_frame_id": "camera_estimate_HORAUD", "translation": {"x": 0.013900475772126386, "y": -0.041559206962584055, "z": 1.6010644759724053}, "rotation": {"x": -0.6860811629167698, "y": 0.6963864024551131, "z": -0.1471543219366182, "w": 0.15061282117327296}}, "ANDREFF": {"time": 1692176926.00359, "frame_id": "world", "child_frame_id": "camera_estimate_ANDREFF", "translation": {"x": 0.013872688468192283, "y": -0.041423391880627464, "z": 1.601329792606351}, "rotation": {"x": -0.6859589435535257, "y": 0.6964962284866157, "z": -0.14717880910809114, "w": 0.15063774298752328}}, "DANIILIDIS": {"time": 1692176926.0036287, "frame_id": "world", "child_frame_id": "camera_estimate_DANIILIDIS", "translation": {"x": 0.012915011455600311, "y": -0.03657076491680861, "z": 1.6122196139686207}, "rotation": {"x": -0.68609967924748, "y": 0.696226277019132, "z": -0.14778721840799763, "w": 0.15064906040135367}}, "MEAN": {"time": 1692176926.0041602, "frame_id": "world", "child_frame_id": "camera_estimate_MEAN", "translation": {"x": 0.013891057037986135, "y": -0.04151421662812153, "z": 1.6011544128659778}, "rotation": {"x": 0.6860398297109228, "y": -0.6964242373926147, "z": 0.14716624893548994, "w": -0.15061450393830128}}}