{
  "CAM_FRONT": {
    "frame_id": "world",
    "child_frame_id": "cam_front",
    "translation": {
      "x": 1.5281033115625915,
      "y": -0.01413511106451698,
      "z": 0.7628823878604505
    },
    "rotation": {
      "x": 0.626676500439555,
      "y": 0.6266643574386749,
      "z": -0.31700217021478727,
      "w": -0.3377543056600762
    }
  },
    "CAM_TOP": {
    "frame_id": "world",
    "child_frame_id": "cam_top",
    "translation": {
      "x": 0.1523849199607825,
      "y": -0.02769569015063493,
      "z": 1.60738232655737
    },
    "rotation": {
      "x": -0.6946296965576221,
      "y": 0.7084101332941202,
      "z": -0.0972293034644567,
      "w": 0.07868373564015332
    }
  },
    "CAM_WRIST": {
    "frame_id": "panda_hand",
    "child_frame_id": "cam_wrist",
    "translation": {
      "x": 0.006884255843052155,
      "y": -0.02342345805004691,
      "z": 0.05452144382536518
    },
    "rotation": {
      "x": 0.020418623359901984,
      "y": 0.001744173708548717,
      "z": 0.6844983525302479,
      "w": 0.7287263156093222
    }
  }
}
