{
  "EYE_IN_HAND": {
    "frame_id": "panda_hand",
    "child_frame_id": "cam_wrist",
    "translation": {
      "x": 0.033610434992842025,
      "y": -0.03902005597466658,
      "z": 0.06906366750071341
    },
    "rotation": {
      "x": 0.008611962536564623,
      "y": 0.0036755254521442316,
      "z": 0.693069539038641,
      "w": 0.7208099185434986
    }
  },
  "CAM_FRONT": {
    "frame_id": "world",
    "child_frame_id": "cam_front",
    "translation": {
      "x": 1.3703896143851162,
      "y": 0.017804699568349843,
      "z": 0.7859634922672107
    },
    "rotation": {
      "x": 0.5949536713721019,
      "y": 0.5911898134999762,
      "z": -0.3827928011060718,
      "w": -0.3872911111245491
    }
  },
  "CAM_TOP": {
    "frame_id": "world",
    "child_frame_id": "cam_top",
    "translation": {
      "x": -0.026873140541078616,
      "y": -0.025073645823644632,
      "z": 1.608750593024486
    },
    "rotation": {
      "x": -0.678508742249569,
      "y": 0.7009474201080457,
      "z": -0.1571164116898967,
      "w": 0.15366533152430284
    }
  },
  "CAM_TOP_OLD": {
    "frame_id": "world",
    "child_frame_id": "cam_top_old",
    "translation": {
      "x": 0.02653598383455137,
      "y": -0.029633553487873627,
      "z": 1.6095994539367409
    },
    "rotation": {
      "x": 0.6935968745504437,
      "y": -0.6904026238021316,
      "z": 0.14670180541288877,
      "w": -0.14403531841040787
    }
  }
}

