{
  "EYE_IN_HAND": {
    "frame_id": "panda_hand",
    "child_frame_id": "cam_wrist",
    "translation": {
      "x": 0.033610434992842025,
      "y": -0.03902005597466658,
      "z": 0.07196366750071341
    },
    "rotation": {
      "x": 0.008611962536564623,
      "y": 0.0036755254521442316,
      "z": 0.693069539038641,
      "w": 0.7208099185434986
    }
  },
  "CAM_FRONT": {
    "frame_id": "world",
    "child_frame_id": "cam_front",
    "translation": {
      "x": 1.5524758278382569,
      "y": 0.01490657065247825,
      "z": 0.7922179804828371
    },
    "rotation": {
      "x": 0.5891151749997661,
      "y": 0.5980329760050705,
      "z": -0.37408689414002,
      "w": -0.3941558902619461
    }
  },
  "CAM_TOP": {
    "frame_id": "world",
    "child_frame_id": "cam_top",
    "translation": {
      "x": 0.40758058215725995,
      "y": 0.15088598354369197,
      "z": 1.2137956007895734
    },
    "rotation": {
      "x": -0.6881759456811474,
      "y": 0.7252731707731805,
      "z": -0.012537449930996898,
      "w": -0.015346266376654994
    }
  }
}