{
  "EYE_IN_HAND": {
    "frame_id": "panda_hand",
    "child_frame_id": "eye_in_hand",
    "translation": {
      "x": 0.033610434992842025,
      "y": -0.03902005597466658,
      "z": 0.07196366750071341
    },
    "rotation": {
      "x": 0.008611962536564623,
      "y": 0.0036755254521442316,
      "z": 0.693069539038641,
      "w": 0.7208099185434986
    }
  },
  "EXTERNAL_FRONT": {
    "frame_id": "world",
    "child_frame_id": "external_front",
    "translation": {
      "x": 0.8345885956634541,
      "y": 0.012106952836747176,
      "z": 0.46781527834698283
    },
    "rotation": {
      "x": 0.5915756076992278,
      "y": 0.6085392845468949,
      "z": -0.38989274963773884,
      "w": -0.35735400280165625
    }
  }
}