{
  "EYE_IN_HAND": {
    "frame_id": "panda_hand",
    "child_frame_id": "cam_wrist",
    "translation": {
      "x": 0.033610434992842025,
      "y": -0.03902005597466658,
      "z": 0.07196366750071341
    },
    "rotation": {
      "x": 0.008611962536564623,
      "y": 0.0036755254521442316,
      "z": 0.693069539038641,
      "w": 0.7208099185434986
    }
  },
  "CAM_FRONT": {
    "frame_id": "world",
    "child_frame_id": "cam_front",
    "translation": {
      "x": 0.8697451437142054,
      "y": 0.03564364429716997,
      "z": 0.6346798950223432
    },
    "rotation": {
      "x": 0.7262358017837447,
      "y": 0.6100604024136551,
      "z": -0.1953850115069418,
      "w": -0.24946455237737275
    }
  },
    "CAM_TOP": {
    "frame_id": "world",
    "child_frame_id": "cam_top",
    "translation": {
      "x": 0.40758058215725995,
      "y": 0.15088598354369197,
      "z": 1.2137956007895734
    },
    "rotation": {
      "x": -0.6881759456811474,
      "y": 0.7252731707731805,
      "z": -0.012537449930996898,
      "w": -0.015346266376654994
    }
  }
}