{
  "EYE_IN_HAND": {
    "frame_id": "panda_hand",
    "child_frame_id": "cam_wrist",
    "translation": {
      "x": 0.033610434992842025,
      "y": -0.03902005597466658,
      "z": 0.07196366750071341
    },
    "rotation": {
      "x": 0.008611962536564623,
      "y": 0.0036755254521442316,
      "z": 0.693069539038641,
      "w": 0.7208099185434986
    }
  },
  "CAM_FRONT": {
    "frame_id": "world",
    "child_frame_id": "cam_front",
    "translation": {
      "x": 1.3606019925338864,
      "y": 0.01079434012208475,
      "z": 0.7899789653737805
    },
    "rotation": {
      "x": 0.5966902545704406,
      "y": 0.5896023238932949,
      "z": -0.380042450839864,
      "w": -0.38974039477570027
    }
  },
  "CAM_TOP": {
    "frame_id": "world",
    "child_frame_id": "cam_top",
    "translation": {
      "x": -0.0307338,
      "y": -0.0603606,
      "z": 1.6405301169
    },
    "rotation": {
      "x": 0.7154443559670804,
      "y": -0.6631042768354855,
      "z": 0.15392669231059594,
      "w": -0.15728529795138732
    }
  },
  "CAM_TOP_OLD": {
    "frame_id": "world",
    "child_frame_id": "cam_top_old",
    "translation": {
      "x": 0.02653598383455137,
      "y": -0.029633553487873627,
      "z": 1.6095994539367409
    },
    "rotation": {
      "x": 0.6935968745504437,
      "y": -0.6904026238021316,
      "z": 0.14670180541288877,
      "w": -0.14403531841040787
    }
  }
}

