{
  "EYE_IN_HAND": {
    "frame_id": "panda_hand",
    "child_frame_id": "cam_wrist",
    "translation": {
      "x": 0.028366175618513952,
      "y": -0.03149280335995622,
      "z": 0.06796931285882282
    },
    "rotation": {
      "x": 0.016395847943216777,
      "y": 0.0068546693574849105,
      "z": 0.6955685143237484,
      "w": 0.7182399540262822
    }
  },
  "CAM_FRONT": {
    "frame_id": "world",
    "child_frame_id": "cam_front",
    "translation": {
      "x": 1.5529610341545315,
      "y": 0.023936412196566448,
      "z": 0.7659525998332353
    },
    "rotation": {
      "x": 0.5897119588516727,
      "y": 0.5909181810491971,
      "z": -0.38494983422879564,
      "w": -0.393534158644525
    }
  },
  "CAM_TOP": {
    "frame_id": "world",
    "child_frame_id": "cam_top",
  "translation": {
    "x": 0.02653598383455137,
    "y": -0.029633553487873627,
    "z": 1.6095994539367409
  },
  "rotation": {
    "x": 0.6935968745504437,
    "y": -0.6904026238021316,
    "z": 0.14670180541288877,
    "w": -0.14403531841040787
  }
  }
}