{
  "EYE_IN_HAND": {
    "frame_id": "panda_hand",
    "child_frame_id": "cam_wrist",
    "translation": {
      "x": 0.028366175618513952,
      "y": -0.03149280335995622,
      "z": 0.06796931285882282
    },
    "rotation": {
      "x": 0.016395847943216777,
      "y": 0.0068546693574849105,
      "z": 0.6955685143237484,
      "w": 0.7182399540262822
    }
  },
  "CAM_FRONT": {
    "frame_id": "world",
    "child_frame_id": "cam_front",
    "translation": {
      "x": 1.5529610341545315,
      "y": 0.023936412196566448,
      "z": 0.7659525998332353
    },
    "rotation": {
      "x": 0.5897119588516727,
      "y": 0.5909181810491971,
      "z": -0.38494983422879564,
      "w": -0.393534158644525
    }
  },
  "CAM_TOP": {
    "frame_id": "world",
    "child_frame_id": "cam_top",
    "translation": {
      "x": 0.40758058215725995,
      "y": 0.15088598354369197,
      "z": 1.2137956007895734
    },
    "rotation": {
      "x": -0.6881759456811474,
      "y": 0.7252731707731805,
      "z": -0.012537449930996898,
      "w": -0.015346266376654994
    }
  }
}