{
  "TSAI": {
    "time": 1688922328.320835,
    "frame_id": "world",
    "child_frame_id": "camera_estimate_TSAI",
    "translation": {
      "x": 0.03185080191594085,
      "y": -0.032604111935201546,
      "z": 0.06978912335864296
    },
    "rotation": {
      "x": 0.0019510197946191914,
      "y": 0.007042778273478101,
      "z": 0.6948893039144469,
      "w": 0.7190795839830575
    }
  },
  "PARK": {
    "time": 1688922328.3209288,
    "frame_id": "world",
    "child_frame_id": "camera_estimate_PARK",
    "translation": {
      "x": 0.03184042003421462,
      "y": -0.03255876689811669,
      "z": 0.06981657548388175
    },
    "rotation": {
      "x": 0.0019524935697902027,
      "y": 0.0069390452172352615,
      "z": 0.6948374290182252,
      "w": 0.7191307145823186
    }
  },
  "HORAUD": {
    "time": 1688922328.3209803,
    "frame_id": "world",
    "child_frame_id": "camera_estimate_HORAUD",
    "translation": {
      "x": 0.03184007393529006,
      "y": -0.03255843816114259,
      "z": 0.06981659829451912
    },
    "rotation": {
      "x": 0.0019527226131733292,
      "y": 0.006933963768853952,
      "z": 0.6948385385465772,
      "w": 0.7191296909259867
    }
  },
  "ANDREFF": {
    "time": 1688922328.3210444,
    "frame_id": "world",
    "child_frame_id": "camera_estimate_ANDREFF",
    "translation": {
      "x": 0.035213914899064974,
      "y": -0.031572984190785525,
      "z": 0.06943633672234532
    },
    "rotation": {
      "x": 0.0020930648023912055,
      "y": 0.006878846486311732,
      "z": 0.6948032295044128,
      "w": 0.7191639401561992
    }
  },
  "DANIILIDIS": {
    "time": 1688922328.3210912,
    "frame_id": "world",
    "child_frame_id": "camera_estimate_DANIILIDIS",
    "translation": {
      "x": 0.031709769895937,
      "y": -0.03232056356028508,
      "z": 0.0698306742603238
    },
    "rotation": {
      "x": 0.002124143104045633,
      "y": 0.006915951218211021,
      "z": 0.6950150782181284,
      "w": 0.7189587600720015
    }
  }
}