{
  "TSAI": {
    "time": 1689763359.8106966,
    "frame_id": "panda_hand",
    "child_frame_id": "camera_estimate_TSAI",
    "translation": {
      "x": -0.2124555164839887,
      "y": 0.013660040398089116,
      "z": -0.14761986017894654
    },
    "rotation": {
      "x": -0.022579497060368953,
      "y": 0.05263974939075658,
      "z": 0.6343536154873283,
      "w": 0.7709180978643154
    }
  },
  "PARK": {
    "time": 1689763359.810793,
    "frame_id": "panda_hand",
    "child_frame_id": "camera_estimate_PARK",
    "translation": {
      "x": -0.18418063869361828,
      "y": -0.056386932369900646,
      "z": 0.057127984624287906
    },
    "rotation": {
      "x": -0.012717954071560898,
      "y": 0.03949879002655958,
      "z": 0.6953403710599454,
      "w": 0.7174816148201212
    }
  },
  "HORAUD": {
    "time": 1689763359.8108356,
    "frame_id": "panda_hand",
    "child_frame_id": "camera_estimate_HORAUD",
    "translation": {
      "x": -0.18421074045333044,
      "y": -0.056380413749539615,
      "z": 0.05712630812273259
    },
    "rotation": {
      "x": -0.012719039003523995,
      "y": 0.039507074037166454,
      "z": 0.6953442346903347,
      "w": 0.7174773950660477
    }
  },
  "ANDREFF": {
    "time": 1689763359.8108737,
    "frame_id": "panda_hand",
    "child_frame_id": "camera_estimate_ANDREFF",
    "translation": {
      "x": -0.20343897877859415,
      "y": -0.1917081204399107,
      "z": 0.09160473404387885
    },
    "rotation": {
      "x": -0.014958677516522297,
      "y": 0.01069489655251829,
      "z": 0.6969680899600652,
      "w": 0.7168663325419226
    }
  },
  "DANIILIDIS": {
    "time": 1689763359.81091,
    "frame_id": "panda_hand",
    "child_frame_id": "camera_estimate_DANIILIDIS",
    "translation": {
      "x": -0.12814386733638852,
      "y": -0.17504206191166088,
      "z": 0.03531298433922611
    },
    "rotation": {
      "x": -0.005613732543656415,
      "y": 0.010623239884746576,
      "z": 0.6942715715728973,
      "w": 0.7196128248488759
    }
  },
  "MEAN": {
    "time": 1689763359.8120427,
    "frame_id": "panda_hand",
    "child_frame_id": "camera_estimate_MEAN",
    "translation": {
      "x": -0.18909459767477566,
      "y": -0.09083423517507372,
      "z": 0.06590436511461782
    },
    "rotation": {
      "x": -0.01346640776420949,
      "y": 0.029903932114990657,
      "z": 0.6959489774133745,
      "w": 0.7173419209437494
    }
  }
}