{
  "TSAI": {
    "time": 1690455858.903343,
    "frame_id": "panda_hand",
    "child_frame_id": "camera_estimate_TSAI",
    "translation": {
      "x": 0.02977179030499338,
      "y": -0.036761652676045406,
      "z": 0.06229328290742808
    },
    "rotation": {
      "x": 0.010853529908001138,
      "y": 0.006287130367569553,
      "z": 0.6930164517554671,
      "w": 0.7208126458911078
    }
  },
  "PARK": {
    "time": 1690455858.9035935,
    "frame_id": "panda_hand",
    "child_frame_id": "camera_estimate_PARK",
    "translation": {
      "x": 0.029655634954760347,
      "y": -0.03717750547447847,
      "z": 0.062268561712687125
    },
    "rotation": {
      "x": 0.010632129585956166,
      "y": 0.006720474340939076,
      "z": 0.6929957746569926,
      "w": 0.7208319147711588
    }
  },
  "HORAUD": {
    "time": 1690455858.9037924,
    "frame_id": "panda_hand",
    "child_frame_id": "camera_estimate_HORAUD",
    "translation": {
      "x": 0.029652025951835224,
      "y": -0.03716292919381729,
      "z": 0.062267995201737814
    },
    "rotation": {
      "x": 0.010641989502870782,
      "y": 0.006713511185229612,
      "z": 0.6930254183470578,
      "w": 0.7208033340321562
    }
  },
  "ANDREFF": {
    "time": 1690455858.903842,
    "frame_id": "panda_hand",
    "child_frame_id": "camera_estimate_ANDREFF",
    "translation": {
      "x": 0.028723018330786512,
      "y": -0.037627355640937714,
      "z": 0.06600816815921073
    },
    "rotation": {
      "x": 0.010241946667709166,
      "y": 0.007038123468498327,
      "z": 0.6933216589928741,
      "w": 0.720521092347661
    }
  },
  "DANIILIDIS": {
    "time": 1690455858.9039721,
    "frame_id": "panda_hand",
    "child_frame_id": "camera_estimate_DANIILIDIS",
    "translation": {
      "x": 0.029109710970376176,
      "y": -0.03884222920489639,
      "z": 0.062280300300215335
    },
    "rotation": {
      "x": 0.009999637983479925,
      "y": 0.00737007237432719,
      "z": 0.6934122984756657,
      "w": 0.72043394811467
    }
  },
  "MEAN": {
    "time": 1690455858.9069839,
    "frame_id": "panda_hand",
    "child_frame_id": "camera_estimate_MEAN",
    "translation": {
      "x": 0.029693193297339045,
      "y": -0.03703388004667284,
      "z": 0.06227662236994823
    },
    "rotation": {
      "x": 0.010709216607778717,
      "y": 0.00657370547182312,
      "z": 0.6930125662007054,
      "w": 0.7208159835657991
    }
  }
}