{
  "TSAI": {
    "time": 1685703325.8299196,
    "frame_id": "world",
    "child_frame_id": "camera_estimate_TSAI",
    "translation": {
      "x": 0.8345885956634541,
      "y": 0.012106952836747176,
      "z": 0.46781527834698283
    },
    "rotation": {
      "x": 0.5915756076992278,
      "y": 0.6085392845468949,
      "z": -0.38989274963773884,
      "w": -0.35735400280165625
    }
  },
  "PARK": {
    "time": 1685703325.8300145,
    "frame_id": "world",
    "child_frame_id": "camera_estimate_PARK",
    "translation": {
      "x": 0.83460230925255,
      "y": 0.012085088215483847,
      "z": 0.4678903357280304
    },
    "rotation": {
      "x": 0.5916532363464335,
      "y": 0.6091910198569468,
      "z": -0.3892569656853481,
      "w": -0.35680774082393474
    }
  },
  "HORAUD": {
    "time": 1685703325.830063,
    "frame_id": "world",
    "child_frame_id": "camera_estimate_HORAUD",
    "translation": {
      "x": 0.8346136559503643,
      "y": 0.01210180995792337,
      "z": 0.4679004384241536
    },
    "rotation": {
      "x": 0.5913501590751448,
      "y": 0.609444450013897,
      "z": -0.38913473638809065,
      "w": -0.3570106562068292
    }
  },
  "ANDREFF": {
    "time": 1685703325.830104,
    "frame_id": "world",
    "child_frame_id": "camera_estimate_ANDREFF",
    "translation": {
      "x": 0.7862273415519507,
      "y": 0.006950366220913906,
      "z": 0.462598303002226
    },
    "rotation": {
      "x": 0.5915347991750999,
      "y": 0.6092010279998908,
      "z": -0.3896046338094514,
      "w": -0.35660751276852537
    }
  },
  "DANIILIDIS": {
    "time": 1685703325.8301773,
    "frame_id": "world",
    "child_frame_id": "camera_estimate_DANIILIDIS",
    "translation": {
      "x": 0.8401935899577527,
      "y": 0.012204916470411248,
      "z": 0.468952264228596
    },
    "rotation": {
      "x": 0.5913334108777479,
      "y": 0.6085790497900773,
      "z": -0.39070363490156773,
      "w": -0.35680107484563117
    }
  }
}