{"TSAI": {"time": 1688922894.915551, "frame_id": "world", "child_frame_id": "camera_estimate_TSAI", "translation": {"x": 0.005500223630949264, "y": -0.022276876350408148, "z": 0.05541712685457007}, "rotation": {"x": 0.022299455193014406, "y": 0.0017385783878598453, "z": 0.6839099253434237, "w": 0.7292235087132317}}, "PARK": {"time": 1688922894.9156122, "frame_id": "world", "child_frame_id": "camera_estimate_PARK", "translation": {"x": 0.006884255843052155, "y": -0.02342345805004691, "z": 0.05452144382536518}, "rotation": {"x": 0.020418623359901984, "y": 0.001744173708548717, "z": 0.6844983525302479, "w": 0.7287263156093222}}, "HORAUD": {"time": 1688922894.9156559, "frame_id": "world", "child_frame_id": "camera_estimate_HORAUD", "translation": {"x": 0.0068961527351438165, "y": -0.023426119322860525, "z": 0.05451495249421709}, "rotation": {"x": 0.020413302267030524, "y": 0.0017785529490677177, "z": 0.6844461232829837, "w": 0.728775437403633}}, "ANDREFF": {"time": 1688922894.915695, "frame_id": "world", "child_frame_id": "camera_estimate_ANDREFF", "translation": {"x": -0.0065749775928517495, "y": -0.020668811121941286, "z": 0.08310639177766677}, "rotation": {"x": 0.021946946071395676, "y": -0.00022623912341109806, "z": 0.6842508210201317, "w": 0.7289163836183641}}, "DANIILIDIS": {"time": 1688922894.9157753, "frame_id": "world", "child_frame_id": "camera_estimate_DANIILIDIS", "translation": {"x": 0.004471298415453215, "y": -0.0202829742387492, "z": 0.05609749838316212}, "rotation": {"x": 0.02260326761632909, "y": 0.000987533395032233, "z": 0.685131885091864, "w": 0.7280675910252614}}}