{
  "TSAI": {
    "time": 1688988986.8232296,
    "frame_id": "panda_hand",
    "child_frame_id": "camera_estimate_TSAI",
    "translation": {
      "x": 0.026046958659670966,
      "y": -0.03389239728889891,
      "z": 0.06187072095499997
    },
    "rotation": {
      "x": 0.014685349712981927,
      "y": 0.002798460941593159,
      "z": 0.6966211508393728,
      "w": 0.7172834037696633
    }
  },
  "PARK": {
    "time": 1688988986.8232963,
    "frame_id": "panda_hand",
    "child_frame_id": "camera_estimate_PARK",
    "translation": {
      "x": 0.026669980058650563,
      "y": -0.03400931939693552,
      "z": 0.061945126767805336
    },
    "rotation": {
      "x": 0.013745624219581322,
      "y": 0.0022925317480273952,
      "z": 0.696621051510213,
      "w": 0.7173039193436792
    }
  },
  "HORAUD": {
    "time": 1688988986.8233597,
    "frame_id": "panda_hand",
    "child_frame_id": "camera_estimate_HORAUD",
    "translation": {
      "x": 0.02664465969343502,
      "y": -0.03400100737203868,
      "z": 0.06194214461128978
    },
    "rotation": {
      "x": 0.013786774701118833,
      "y": 0.0023118695514654976,
      "z": 0.6966272292472554,
      "w": 0.7172970678692403
    }
  },
  "ANDREFF": {
    "time": 1688988986.8233998,
    "frame_id": "panda_hand",
    "child_frame_id": "camera_estimate_ANDREFF",
    "translation": {
      "x": 0.026580625869603133,
      "y": -0.03210242044210562,
      "z": 0.06978785109357866
    },
    "rotation": {
      "x": 0.013848055849781448,
      "y": 0.0024789339468525465,
      "z": 0.696589217567823,
      "w": 0.7173322439455212
    }
  },
  "DANIILIDIS": {
    "time": 1688988986.8234365,
    "frame_id": "panda_hand",
    "child_frame_id": "camera_estimate_DANIILIDIS",
    "translation": {
      "x": 0.02492303357132249,
      "y": -0.03468218040968453,
      "z": 0.06155776242889475
    },
    "rotation": {
      "x": 0.014668463118680674,
      "y": 0.0031956524521668046,
      "z": 0.6964801327110179,
      "w": 0.717419018938015
    }
  },
  "MEAN": {
    "time": 1688988986.8245463,
    "frame_id": "world",
    "child_frame_id": "camera_estimate_MEAN",
    "translation": {
      "x": 0.026453281531263174,
      "y": -0.033967466557094136,
      "z": 0.06191926094147985
    },
    "rotation": {
      "x": 0.01407258454998217,
      "y": 0.0024676210267351455,
      "z": 0.6966232284688445,
      "w": 0.7172948841084789
    }
  }
}