{
  "TSAI": {
    "time": 1692189944.2712572,
    "frame_id": "panda_hand",
    "child_frame_id": "camera_estimate_TSAI",
    "translation": {
      "x": 0.031705974609606516,
      "y": -0.035740919602228596,
      "z": 0.0651927698034374
    },
    "rotation": {
      "x": 0.009042461732215578,
      "y": 0.007161825970726734,
      "z": 0.6941708464536395,
      "w": 0.7197178461511317
    }
  },
  "PARK": {
    "time": 1692189944.2713969,
    "frame_id": "panda_hand",
    "child_frame_id": "camera_estimate_PARK",
    "translation": {
      "x": 0.031658920017484216,
      "y": -0.03559654678441418,
      "z": 0.06519750649144711
    },
    "rotation": {
      "x": 0.009216480090016804,
      "y": 0.007094896446726511,
      "z": 0.694365525112699,
      "w": 0.7195284820451003
    }
  },
  "HORAUD": {
    "time": 1692189944.2714558,
    "frame_id": "panda_hand",
    "child_frame_id": "camera_estimate_HORAUD",
    "translation": {
      "x": 0.031633153631212566,
      "y": -0.03554080305017813,
      "z": 0.06519182643766987
    },
    "rotation": {
      "x": 0.009384249771695902,
      "y": 0.006997226502218572,
      "z": 0.69431633124548,
      "w": 0.7195747402760302
    }
  },
  "ANDREFF": {
    "time": 1692189944.2716336,
    "frame_id": "panda_hand",
    "child_frame_id": "camera_estimate_ANDREFF",
    "translation": {
      "x": 0.031247829065434385,
      "y": -0.0356345670925405,
      "z": 0.06901870989458064
    },
    "rotation": {
      "x": 0.009540441923289015,
      "y": 0.006975616403228341,
      "z": 0.6943460449464801,
      "w": 0.7195442242217528
    }
  },
  "DANIILIDIS": {
    "time": 1692189944.2732637,
    "frame_id": "panda_hand",
    "child_frame_id": "camera_estimate_DANIILIDIS",
    "translation": {
      "x": 0.03198000028270022,
      "y": -0.03532919771718545,
      "z": 0.06538939595777696
    },
    "rotation": {
      "x": 0.009215406616304002,
      "y": 0.006928161784202705,
      "z": 0.6943001928567814,
      "w": 0.7195931621786191
    }
  },
  "MEAN": {
    "time": 1692189944.274244,
    "frame_id": "panda_hand",
    "child_frame_id": "camera_estimate_MEAN",
    "translation": {
      "x": 0.031646033692538864,
      "y": -0.035568668141850196,
      "z": 0.06519466577416883
    },
    "rotation": {
      "x": 0.009300364979969198,
      "y": 0.0070460615116806355,
      "z": 0.6943409318457257,
      "w": 0.7195516149603324
    }
  }
}