{
  "TSAI": {
    "time": 1690456472.4561017,
    "frame_id": "panda_hand",
    "child_frame_id": "camera_estimate_TSAI",
    "translation": {
      "x": 0.02826009526389192,
      "y": -0.038470111994879014,
      "z": 0.062282175147791746
    },
    "rotation": {
      "x": 0.011247231881486686,
      "y": 0.006206618969264519,
      "z": 0.6932063875628229,
      "w": 0.7206246470237303
    }
  },
  "PARK": {
    "time": 1690456472.456266,
    "frame_id": "panda_hand",
    "child_frame_id": "camera_estimate_PARK",
    "translation": {
      "x": 0.028119844332878507,
      "y": -0.03897420367785413,
      "z": 0.062256498779602924
    },
    "rotation": {
      "x": 0.01096970796474664,
      "y": 0.0067205144120156025,
      "z": 0.6931851395285459,
      "w": 0.7206447547370316
    }
  },
  "HORAUD": {
    "time": 1690456472.45631,
    "frame_id": "panda_hand",
    "child_frame_id": "camera_estimate_HORAUD",
    "translation": {
      "x": 0.02811315711387659,
      "y": -0.038958869327031236,
      "z": 0.062255793234000795
    },
    "rotation": {
      "x": 0.010982185264580868,
      "y": 0.006713414725962138,
      "z": 0.6932192152140784,
      "w": 0.7206118520587274
    }
  },
  "ANDREFF": {
    "time": 1690456472.4563563,
    "frame_id": "panda_hand",
    "child_frame_id": "camera_estimate_ANDREFF",
    "translation": {
      "x": 0.026592777606630147,
      "y": -0.03929625600078547,
      "z": 0.06799397674889968
    },
    "rotation": {
      "x": 0.010841530498558906,
      "y": 0.007002061925601562,
      "z": 0.6933743360114655,
      "w": 0.7204619785289841
    }
  },
  "DANIILIDIS": {
    "time": 1690456472.4563942,
    "frame_id": "panda_hand",
    "child_frame_id": "camera_estimate_DANIILIDIS",
    "translation": {
      "x": 0.02874521191352433,
      "y": -0.03897569218282971,
      "z": 0.06200149865498816
    },
    "rotation": {
      "x": 0.00994688362137903,
      "y": 0.007531575660574121,
      "z": 0.6935872188437383,
      "w": 0.7202646074401409
    }
  },
  "MEAN": {
    "time": 1690456472.4582236,
    "frame_id": "panda_hand",
    "child_frame_id": "camera_estimate_MEAN",
    "translation": {
      "x": 0.028116500499162454,
      "y": -0.03896653598829879,
      "z": 0.062256145983145696
    },
    "rotation": {
      "x": 0.0109759466180249,
      "y": 0.0067169645710457564,
      "z": 0.6932021775835904,
      "w": 0.7206283036185563
    }
  }
}