{
  "TSAI": {
    "time": 1691667158.4422905,
    "frame_id": "world",
    "child_frame_id": "camera_estimate_TSAI",
    "translation": {
      "x": 0.08020032119574177,
      "y": 0.03842462027336217,
      "z": 1.1701397330760874
    },
    "rotation": {
      "x": -0.0846796507523762,
      "y": 0.5917268974220838,
      "z": -0.6143731966851889,
      "w": 0.5150089424568397
    }
  },
  "PARK": {
    "time": 1691667158.442374,
    "frame_id": "world",
    "child_frame_id": "camera_estimate_PARK",
    "translation": {
      "x": -0.003513142962824123,
      "y": -0.04529157961602803,
      "z": 1.695946091567512
    },
    "rotation": {
      "x": 0.7066784354436895,
      "y": -0.6731034244627441,
      "z": 0.15952430326593203,
      "w": -0.14862491555222238
    }
  },
  "HORAUD": {
    "time": 1691667158.4424477,
    "frame_id": "world",
    "child_frame_id": "camera_estimate_HORAUD",
    "translation": {
      "x": -0.0034499671928693854,
      "y": -0.045087091977212806,
      "z": 1.6953256145227964
    },
    "rotation": {
      "x": 0.7062708011079708,
      "y": -0.6730908870644517,
      "z": 0.16159600556945025,
      "w": -0.14838107775957463
    }
  },
  "ANDREFF": {
    "time": 1691667158.4424906,
    "frame_id": "world",
    "child_frame_id": "camera_estimate_ANDREFF",
    "translation": {
      "x": 0.09326503289160396,
      "y": 0.0055021944834589,
      "z": 1.6676921297602934
    },
    "rotation": {
      "x": -0.6917317935712146,
      "y": 0.6925579862601409,
      "z": -0.16412862267546152,
      "w": 0.12219802227820678
    }
  },
  "DANIILIDIS": {
    "time": 1691667158.4425328,
    "frame_id": "world",
    "child_frame_id": "camera_estimate_DANIILIDIS",
    "translation": {
      "x": 0.0767651816206858,
      "y": 0.5739188527607599,
      "z": 1.0269013558372624
    },
    "rotation": {
      "x": -0.35244305835535117,
      "y": 0.6752552206131373,
      "z": -0.6159699557244014,
      "w": 0.200985798743864
    }
  },
  "MEAN": {
    "time": 1691667158.4436638,
    "frame_id": "world",
    "child_frame_id": "camera_estimate_MEAN",
    "translation": {
      "x": 0.04565707674093514,
      "y": -0.006557017618247016,
      "z": 1.519003744379769
    },
    "rotation": {
      "x": -0.6139630992625094,
      "y": 0.7050253208642916,
      "z": -0.2702763229873032,
      "w": 0.23008546002874652
    }
  }
}