{
  "TSAI": {
    "time": 1689770830.3342125,
    "frame_id": "world",
    "child_frame_id": "camera_estimate_TSAI",
    "translation": {
      "x": 1.5737511250253227,
      "y": 0.008012515547217769,
      "z": 0.7994244327536113
    },
    "rotation": {
      "x": 0.5925914013440778,
      "y": 0.5959905646033776,
      "z": -0.3736096305685001,
      "w": -0.3924876073244585
    }
  },
  "PARK": {
    "time": 1689770830.3342936,
    "frame_id": "world",
    "child_frame_id": "camera_estimate_PARK",
    "translation": {
      "x": 1.5758083721807685,
      "y": 0.009792939426353037,
      "z": 0.7992039470333004
    },
    "rotation": {
      "x": 0.5954556082194359,
      "y": 0.5936120939891962,
      "z": -0.3757589977030128,
      "w": -0.3896953632711208
    }
  },
  "HORAUD": {
    "time": 1689770830.3343372,
    "frame_id": "world",
    "child_frame_id": "camera_estimate_HORAUD",
    "translation": {
      "x": 1.575829315576177,
      "y": 0.009811010636245648,
      "z": 0.7992017095665095
    },
    "rotation": {
      "x": 0.5954827438598292,
      "y": 0.5935836334801855,
      "z": -0.3757852027870993,
      "w": -0.3896719815381758
    }
  },
  "ANDREFF": {
    "time": 1689770830.3343775,
    "frame_id": "world",
    "child_frame_id": "camera_estimate_ANDREFF",
    "translation": {
      "x": 1.5635624541533852,
      "y": 0.006638175380138334,
      "z": 0.7934832468859294
    },
    "rotation": {
      "x": 0.5948471194384898,
      "y": 0.5939190694083354,
      "z": -0.37542918607503595,
      "w": -0.3904740320839582
    }
  },
  "DANIILIDIS": {
    "time": 1689770830.3344154,
    "frame_id": "world",
    "child_frame_id": "camera_estimate_DANIILIDIS",
    "translation": {
      "x": 1.5509479080815756,
      "y": 0.009749580794179036,
      "z": 0.792189866438814
    },
    "rotation": {
      "x": 0.5958580367031039,
      "y": 0.5926796085048742,
      "z": -0.3772380460123278,
      "w": -0.38907009445552676
    }
  },
  "MEAN": {
    "time": 1689770830.3354461,
    "frame_id": "world",
    "child_frame_id": "camera_estimate_MEAN",
    "translation": {
      "x": 1.5758188438258263,
      "y": 0.009801974985872888,
      "z": 0.7992028283055296
    },
    "rotation": {
      "x": 0.59546917624654,
      "y": 0.5935978639409478,
      "z": -0.37577210037562536,
      "w": -0.38968367254005143
    }
  }
}