{
  "TSAI": {
    "time": 1688979869.8211887,
    "frame_id": "world",
    "child_frame_id": "camera_estimate_TSAI",
    "translation": {
      "x": 1.6425420673869522,
      "y": -0.029069269649389648,
      "z": 0.7689014775112889
    },
    "rotation": {
      "x": 0.6354748248879898,
      "y": 0.6151850683672331,
      "z": -0.3253117630210073,
      "w": -0.3345016224650423
    }
  },
  "PARK": {
    "time": 1688979869.821266,
    "frame_id": "world",
    "child_frame_id": "camera_estimate_PARK",
    "translation": {
      "x": 1.6515478687330882,
      "y": -0.02847692906942792,
      "z": 0.7710048472778441
    },
    "rotation": {
      "x": 0.6383864825087645,
      "y": 0.6118047183910805,
      "z": -0.3299606931796276,
      "w": -0.3305807412129708
    }
  },
  "HORAUD": {
    "time": 1688979869.8213093,
    "frame_id": "world",
    "child_frame_id": "camera_estimate_HORAUD",
    "translation": {
      "x": 1.6514963276870525,
      "y": -0.02847745678376614,
      "z": 0.7709900023615892
    },
    "rotation": {
      "x": 0.6384098116677417,
      "y": 0.6118478024866617,
      "z": -0.32989727218983733,
      "w": -0.3305192411347731
    }
  },
  "ANDREFF": {
    "time": 1688979869.821349,
    "frame_id": "world",
    "child_frame_id": "camera_estimate_ANDREFF",
    "translation": {
      "x": 1.6505805557882616,
      "y": -0.02904666154495514,
      "z": 0.7695122566757359
    },
    "rotation": {
      "x": 0.638330084304906,
      "y": 0.6119285140668812,
      "z": -0.3298048862856893,
      "w": -0.3306159919381912
    }
  },
  "DANIILIDIS": {
    "time": 1688979869.8213875,
    "frame_id": "world",
    "child_frame_id": "camera_estimate_DANIILIDIS",
    "translation": {
      "x": 1.7265121014581848,
      "y": -0.028063832492825846,
      "z": 0.7951358983351355
    },
    "rotation": {
      "x": 0.6377058935466124,
      "y": 0.6130921238541,
      "z": -0.3276157346906884,
      "w": -0.3318390745332232
    }
  },
  "MEAN": {
    "time": 1688979869.8226633,
    "frame_id": "world",
    "child_frame_id": "camera_estimate_MEAN",
    "translation": {
      "x": 1.6512080814374335,
      "y": -0.028667118047135714,
      "z": 0.7705021020454539
    },
    "rotation": {
      "x": 0.6383754625082966,
      "y": 0.6118603478706648,
      "z": -0.329887618776219,
      "w": -0.33057199298952017
    }
  }
}