{
  "TSAI": {
    "time": 1688975568.0133307,
    "frame_id": "panda_hand",
    "child_frame_id": "camera_estimate_TSAI",
    "translation": {
      "x": 0.033610434992842025,
      "y": -0.03902005597466658,
      "z": 0.07196366750071341
    },
    "rotation": {
      "x": 0.008611962536564623,
      "y": 0.0036755254521442316,
      "z": 0.693069539038641,
      "w": 0.7208099185434986
    }
  },
  "PARK": {
    "time": 1688975568.0134192,
    "frame_id": "panda_hand",
    "child_frame_id": "camera_estimate_PARK",
    "translation": {
      "x": 0.033288536802062105,
      "y": -0.03796592952327993,
      "z": 0.07120646657152625
    },
    "rotation": {
      "x": 0.009179498430558678,
      "y": 0.0030389568165260965,
      "z": 0.6937709647289552,
      "w": 0.7201307867666024
    }
  },
  "HORAUD": {
    "time": 1688975568.0134728,
    "frame_id": "panda_hand",
    "child_frame_id": "camera_estimate_HORAUD",
    "translation": {
      "x": 0.03328156219214391,
      "y": -0.03798240793412035,
      "z": 0.0712053399814035
    },
    "rotation": {
      "x": 0.00919616445883936,
      "y": 0.0030493590398512436,
      "z": 0.6937481788127161,
      "w": 0.7201524813279002
    }
  },
  "ANDREFF": {
    "time": 1688975568.013511,
    "frame_id": "panda_hand",
    "child_frame_id": "camera_estimate_ANDREFF",
    "translation": {
      "x": 0.033650005601657915,
      "y": -0.0382112659488349,
      "z": 0.0699914637301795
    },
    "rotation": {
      "x": 0.009156406748369478,
      "y": 0.003084130965014608,
      "z": 0.6936928579295192,
      "w": 0.7202061282780265
    }
  },
  "DANIILIDIS": {
    "time": 1688975568.013547,
    "frame_id": "panda_hand",
    "child_frame_id": "camera_estimate_DANIILIDIS",
    "translation": {
      "x": 0.033965741853290994,
      "y": -0.03886432282486632,
      "z": 0.0722894861328407
    },
    "rotation": {
      "x": 0.008547129088264707,
      "y": 0.003762006409714777,
      "z": 0.6929561975910944,
      "w": 0.7209192063693504
    }
  },
  "MEAN": {
    "time": 1688975568.0163822,
    "frame_id": "world",
    "child_frame_id": "camera_estimate_MEAN",
    "translation": {
      "x": 0.033392527156861404,
      "y": -0.03831963411635763,
      "z": 0.07145619928741707
    },
    "rotation": {
      "x": 0.008995876830520083,
      "y": 0.0032546143290310683,
      "z": 0.693529688360034,
      "w": 0.7203645278946303
    }
  }
}