{"TSAI": {"time": 1691668659.6097534, "frame_id": "world", "child_frame_id": "camera_estimate_TSAI", "translation": {"x": 0.06984560910476903, "y": 0.0030490978762558046, "z": 1.6138289718935255}, "rotation": {"x": -0.6193920368335558, "y": 0.19080973629268186, "z": -0.10365685774683446, "w": 0.7544537130170074}}, "PARK": {"time": 1691668659.6098297, "frame_id": "world", "child_frame_id": "camera_estimate_PARK", "translation": {"x": -0.018556616190727848, "y": -0.061669712339700186, "z": 1.5895039164596307}, "rotation": {"x": -0.6558313833710359, "y": 0.6663715685654081, "z": -0.2772318230313244, "w": 0.2213066774682576}}, "HORAUD": {"time": 1691668659.6098824, "frame_id": "world", "child_frame_id": "camera_estimate_HORAUD", "translation": {"x": -0.018591522113956038, "y": -0.0617216907660587, "z": 1.5894478535728498}, "rotation": {"x": -0.6554672710077779, "y": 0.6660370084113517, "z": -0.278320987430575, "w": 0.22202429601226864}}, "ANDREFF": {"time": 1691668659.609927, "frame_id": "world", "child_frame_id": "camera_estimate_ANDREFF", "translation": {"x": 0, "y": 0, "z": 0}, "rotation": {"x": NaN, "y": NaN, "z": NaN, "w": NaN}}, "DANIILIDIS": {"time": 1691668659.6099713, "frame_id": "world", "child_frame_id": "camera_estimate_DANIILIDIS", "translation": {"x": -0.8144413078269453, "y": -0.07599055641413555, "z": 2.1054011878824053}, "rotation": {"x": 0.7402586829171791, "y": -0.38956166339995907, "z": 0.506154376332385, "w": -0.20992031844096107}}, "MEAN": {"time": 1691668659.6114411, "frame_id": "world", "child_frame_id": "camera_estimate_MEAN", "translation": {"x": -0.01857406944633711, "y": -0.061695701990667776, "z": 1.5894758845440504}, "rotation": {"x": 0.6556494866568036, "y": -0.6662044505229603, "z": 0.27777647279188256, "w": -0.221665540653867}}}