{"TSAI": {"time": 1688915166.7499392, "frame_id": "world", "child_frame_id": "camera_estimate_TSAI", "translation": {"x": 0.156855018901263, "y": -0.028731230124015836, "z": 1.5898033090106385}, "rotation": {"x": -0.6275530617744645, "y": 0.7144035756139444, "z": -0.045870525631634865, "w": 0.3061055058076939}}, "PARK": {"time": 1688915166.7500093, "frame_id": "world", "child_frame_id": "camera_estimate_PARK", "translation": {"x": 0.1523849199607825, "y": -0.02769569015063493, "z": 1.60738232655737}, "rotation": {"x": -0.6946296965576221, "y": 0.7084101332941202, "z": -0.0972293034644567, "w": 0.07868373564015332}}, "HORAUD": {"time": 1688915166.7500777, "frame_id": "world", "child_frame_id": "camera_estimate_HORAUD", "translation": {"x": 0.15228336380327473, "y": -0.02774145674650278, "z": 1.6075643144065173}, "rotation": {"x": -0.6937974338702817, "y": 0.7092146406091291, "z": -0.09736647432728995, "w": 0.0786096939171581}}, "ANDREFF": {"time": 1688915166.7501621, "frame_id": "world", "child_frame_id": "camera_estimate_ANDREFF", "translation": {"x": 0.118598703196149, "y": 0.012312636068954339, "z": 1.7072147714183399}, "rotation": {"x": -0.6454564130339241, "y": 0.754631280631729, "z": -0.09146345096654819, "w": 0.07451232316058164}}, "DANIILIDIS": {"time": 1688915166.7502074, "frame_id": "world", "child_frame_id": "camera_estimate_DANIILIDIS", "translation": {"x": -0.0900142011129519, "y": -0.08709379157630509, "z": 1.6680462517927421}, "rotation": {"x": 0.7000029270244646, "y": -0.6912889011043277, "z": 0.16383412274087042, "w": -0.07262188095114787}}}