{"TSAI": {"time": 1689763601.4455907, "frame_id": "panda_hand", "child_frame_id": "camera_estimate_TSAI", "translation": {"x": 0.03195447562608772, "y": -0.036277548132441426, "z": 0.06310859062400882}, "rotation": {"x": 0.004199356892269552, "y": 0.005507958379328166, "z": 0.6946472961038843, "w": 0.719317149671649}}, "PARK": {"time": 1689763601.4456728, "frame_id": "panda_hand", "child_frame_id": "camera_estimate_PARK", "translation": {"x": 0.03185237951371779, "y": -0.03625722014019262, "z": 0.06319611245374482}, "rotation": {"x": 0.004563111675675167, "y": 0.0057555811834130634, "z": 0.6946692103836476, "w": 0.7192918319027654}}, "HORAUD": {"time": 1689763601.445715, "frame_id": "panda_hand", "child_frame_id": "camera_estimate_HORAUD", "translation": {"x": 0.03182610814586888, "y": -0.03624168358289189, "z": 0.06321612600338054}, "rotation": {"x": 0.004649655153893793, "y": 0.0058373614113639, "z": 0.6946302906634694, "w": 0.7193282040984401}}, "ANDREFF": {"time": 1689763601.4457526, "frame_id": "panda_hand", "child_frame_id": "camera_estimate_ANDREFF", "translation": {"x": 0.031972733943462256, "y": -0.03626206625039616, "z": 0.06580982123707724}, "rotation": {"x": 0.004821667012174453, "y": 0.00577198376094206, "z": 0.6947521704507075, "w": 0.7192098840983195}}, "DANIILIDIS": {"time": 1689763601.445791, "frame_id": "panda_hand", "child_frame_id": "camera_estimate_DANIILIDIS", "translation": {"x": 0.032408033599646745, "y": -0.03556300630602701, "z": 0.0629197924147244}, "rotation": {"x": 0.00455147758273865, "y": 0.00548859151024385, "z": 0.6948882825733695, "w": 0.7190823556153221}}, "MEAN": {"time": 1689763601.4469414, "frame_id": "panda_hand", "child_frame_id": "camera_estimate_MEAN", "translation": {"x": 0.03183924368990009, "y": -0.03624945177881114, "z": 0.06320611933513348}, "rotation": {"x": 0.004606383424581944, "y": 0.005796471309717387, "z": 0.6946497520010317, "w": 0.7193100195305266}}}