{
  "TSAI": {
    "time": 1692177698.7086284,
    "frame_id": "world",
    "child_frame_id": "camera_estimate_TSAI",
    "translation": {
      "x": 0.01820816755458643,
      "y": -0.03963148946434891,
      "z": 1.5774795330593876
    },
    "rotation": {
      "x": -0.6757073560139821,
      "y": 0.7029705074186193,
      "z": -0.15869592940084526,
      "w": 0.15513747683846216
    }
  },
  "PARK": {
    "time": 1692177698.7091215,
    "frame_id": "world",
    "child_frame_id": "camera_estimate_PARK",
    "translation": {
      "x": 0.018124579731513157,
      "y": -0.039989315802966385,
      "z": 1.5779497497069708
    },
    "rotation": {
      "x": -0.6794117662006453,
      "y": 0.701178911604373,
      "z": -0.15205453996249468,
      "w": 0.1537114268563687
    }
  },
  "HORAUD": {
    "time": 1692177698.7093441,
    "frame_id": "world",
    "child_frame_id": "camera_estimate_HORAUD",
    "translation": {
      "x": 0.018134496474483286,
      "y": -0.039990344517622844,
      "z": 1.577967616735089
    },
    "rotation": {
      "x": -0.6795011338554413,
      "y": 0.7010588073438095,
      "z": -0.15225287585391964,
      "w": 0.15366788711066506
    }
  },
  "ANDREFF": {
    "time": 1692177698.7093918,
    "frame_id": "world",
    "child_frame_id": "camera_estimate_ANDREFF",
    "translation": {
      "x": 0.022632543063698593,
      "y": -0.03679151274889242,
      "z": 1.5741162491442733
    },
    "rotation": {
      "x": -0.6792025843012975,
      "y": 0.7013228583567689,
      "z": -0.152205299511039,
      "w": 0.1538299210995221
    }
  },
  "DANIILIDIS": {
    "time": 1692177698.709604,
    "frame_id": "world",
    "child_frame_id": "camera_estimate_DANIILIDIS",
    "translation": {
      "x": 0.0031268594589213827,
      "y": -0.027073645823644632,
      "z": 1.6008750593024486
    },
    "rotation": {
      "x": -0.678508742249569,
      "y": 0.7009474201080457,
      "z": -0.1571164116898967,
      "w": 0.15366533152430284
    }
  },
  "MEAN": {
    "time": 1692177698.7116473,
    "frame_id": "world",
    "child_frame_id": "camera_estimate_MEAN",
    "translation": {
      "x": 0.01963299102232807,
      "y": -0.038921983298009104,
      "z": 1.576675780136182
    },
    "rotation": {
      "x": 0.679371841415161,
      "y": -0.7011868728237427,
      "z": 0.1521709080865478,
      "w": -0.15373641469719973
    }
  }
}