{
  "TSAI": {
    "time": 1692189794.3885362,
    "frame_id": "panda_hand",
    "child_frame_id": "camera_estimate_TSAI",
    "translation": {
      "x": 0.03240138184289268,
      "y": -0.03133507276443022,
      "z": 0.06754364641150115
    },
    "rotation": {
      "x": 0.011221481000417066,
      "y": 0.004354625521063622,
      "z": 0.694147844671653,
      "w": 0.719731814871642
    }
  },
  "PARK": {
    "time": 1692189794.3886223,
    "frame_id": "panda_hand",
    "child_frame_id": "camera_estimate_PARK",
    "translation": {
      "x": 0.0323241217491724,
      "y": -0.03132967199629576,
      "z": 0.06752251282365063
    },
    "rotation": {
      "x": 0.011384579030551758,
      "y": 0.004588303872743387,
      "z": 0.6940585400850534,
      "w": 0.7198139216234101
    }
  },
  "HORAUD": {
    "time": 1692189794.38876,
    "frame_id": "panda_hand",
    "child_frame_id": "camera_estimate_HORAUD",
    "translation": {
      "x": 0.03236697145947772,
      "y": -0.03134932943853753,
      "z": 0.0675288293866641
    },
    "rotation": {
      "x": 0.011219204021397991,
      "y": 0.004505884009902813,
      "z": 0.694185002562504,
      "w": 0.7196950803553627
    }
  },
  "ANDREFF": {
    "time": 1692189794.388811,
    "frame_id": "panda_hand",
    "child_frame_id": "camera_estimate_ANDREFF",
    "translation": {
      "x": 0.031816639312797025,
      "y": -0.03112710584288549,
      "z": 0.07369331683206037
    },
    "rotation": {
      "x": 0.011322365194278115,
      "y": 0.00457150873223835,
      "z": 0.6941597854357268,
      "w": 0.7197173734447047
    }
  },
  "DANIILIDIS": {
    "time": 1692189794.388851,
    "frame_id": "panda_hand",
    "child_frame_id": "camera_estimate_DANIILIDIS",
    "translation": {
      "x": 0.03212163286542239,
      "y": -0.0316806906832775,
      "z": 0.06752228253703438
    },
    "rotation": {
      "x": 0.01139667214732718,
      "y": 0.0044083772258504406,
      "z": 0.694267256422266,
      "w": 0.7196135481868725
    }
  },
  "MEAN": {
    "time": 1692189794.3895876,
    "frame_id": "panda_hand",
    "child_frame_id": "camera_estimate_MEAN",
    "translation": {
      "x": 0.03238417447424193,
      "y": -0.031342202003420076,
      "z": 0.0675362369616963
    },
    "rotation": {
      "x": 0.011220342546832896,
      "y": 0.0044302547796676315,
      "z": 0.6941664258396648,
      "w": 0.7197134499178851
    }
  }
}