{
  "TSAI": {
    "time": 1689765272.2998154,
    "frame_id": "panda_hand",
    "child_frame_id": "camera_estimate_TSAI",
    "translation": {
      "x": 0.029680590529431963,
      "y": -0.03515288995233673,
      "z": 0.0658180756614474
    },
    "rotation": {
      "x": 0.007151441061202454,
      "y": 0.0056910335079432195,
      "z": 0.6927503599872962,
      "w": 0.7211195516457942
    }
  },
  "PARK": {
    "time": 1689765272.2999122,
    "frame_id": "panda_hand",
    "child_frame_id": "camera_estimate_PARK",
    "translation": {
      "x": 0.02967862105826384,
      "y": -0.03510852466411314,
      "z": 0.0658071287972544
    },
    "rotation": {
      "x": 0.007337058326982159,
      "y": 0.00556604073597927,
      "z": 0.6927287706751863,
      "w": 0.7211394019497736
    }
  },
  "HORAUD": {
    "time": 1689765272.2999547,
    "frame_id": "panda_hand",
    "child_frame_id": "camera_estimate_HORAUD",
    "translation": {
      "x": 0.029666891036906638,
      "y": -0.03511275748699772,
      "z": 0.06580852410357567
    },
    "rotation": {
      "x": 0.007314182902591999,
      "y": 0.0056421023361751576,
      "z": 0.692796467496566,
      "w": 0.7210740073210067
    }
  },
  "ANDREFF": {
    "time": 1689765272.2999928,
    "frame_id": "panda_hand",
    "child_frame_id": "camera_estimate_ANDREFF",
    "translation": {
      "x": 0.029302128887839198,
      "y": -0.03481777130810842,
      "z": 0.06931774468437324
    },
    "rotation": {
      "x": 0.007430382073038224,
      "y": 0.0055239381711591675,
      "z": 0.6932329994973654,
      "w": 0.7206540667596455
    }
  },
  "DANIILIDIS": {
    "time": 1689765272.3000283,
    "frame_id": "panda_hand",
    "child_frame_id": "camera_estimate_DANIILIDIS",
    "translation": {
      "x": 0.029595792664770956,
      "y": -0.03392402388013746,
      "z": 0.06582445570692974
    },
    "rotation": {
      "x": 0.007530628200465871,
      "y": 0.005532016934249178,
      "z": 0.6934803063939802,
      "w": 0.7204149853183629
    }
  },
  "MEAN": {
    "time": 1689765272.30773,
    "frame_id": "panda_hand",
    "child_frame_id": "camera_estimate_MEAN",
    "translation": {
      "x": 0.029672755998607966,
      "y": -0.03511064109322906,
      "z": 0.06580782645624096
    },
    "rotation": {
      "x": 0.0073256206286764275,
      "y": 0.005604071546702283,
      "z": 0.6927626203993514,
      "w": 0.7211067060026056
    }
  }
}