{
  "TSAI": {
    "time": 1691669470.9292,
    "frame_id": "world",
    "child_frame_id": "camera_estimate_TSAI",
    "translation": {
      "x": 0.013183569690785268,
      "y": -0.004288536879337463,
      "z": 1.5298121057791014
    },
    "rotation": {
      "x": 0.6221990548425457,
      "y": -0.6166818221156458,
      "z": -0.10848491717939852,
      "w": -0.46989667924954415
    }
  },
  "PARK": {
    "time": 1691669470.9292955,
    "frame_id": "world",
    "child_frame_id": "camera_estimate_PARK",
    "translation": {
      "x": 0.007641334996016769,
      "y": -0.03074158887312107,
      "z": 1.5854609360956993
    },
    "rotation": {
      "x": 0.6920809238418343,
      "y": -0.6889636342958073,
      "z": 0.15818446287570537,
      "w": -0.14605061169632522
    }
  },
  "HORAUD": {
    "time": 1691669470.9293914,
    "frame_id": "world",
    "child_frame_id": "camera_estimate_HORAUD",
    "translation": {
      "x": 0.00765310650237766,
      "y": -0.030731471362122405,
      "z": 1.5854138227452255
    },
    "rotation": {
      "x": 0.6922627027605031,
      "y": -0.6888173147281533,
      "z": 0.15794416414193307,
      "w": -0.1461393113126167
    }
  },
  "ANDREFF": {
    "time": 1691669470.9294355,
    "frame_id": "world",
    "child_frame_id": "camera_estimate_ANDREFF",
    "translation": {
      "x": -0.022199821139360386,
      "y": 0.001606892894884485,
      "z": 1.6353280989392154
    },
    "rotation": {
      "x": 0.7154443559670804,
      "y": -0.6631042768354855,
      "z": 0.15392669231059594,
      "w": -0.15728529795138732
    }
  },
  "DANIILIDIS": {
    "time": 1691669470.929792,
    "frame_id": "world",
    "child_frame_id": "camera_estimate_DANIILIDIS",
    "translation": {
      "x": 0.00045257173575642684,
      "y": -0.08497757170114775,
      "z": 1.71038463679566
    },
    "rotation": {
      "x": 0.7212439921068108,
      "y": -0.6633232221223117,
      "z": 0.14253164543232635,
      "w": -0.1396214055704169
    }
  },
  "MEAN": {
    "time": 1691669470.9311752,
    "frame_id": "world",
    "child_frame_id": "camera_estimate_MEAN",
    "translation": {
      "x": 0.0076472208368723515,
      "y": -0.030736530042265692,
      "z": 1.5854373790695584
    },
    "rotation": {
      "x": 0.6921718236892918,
      "y": -0.6888904848508569,
      "z": 0.15806431588105038,
      "w": -0.14609496369706595
    }
  }
}