{
  "TSAI": {
    "time": 1691668151.2208364,
    "frame_id": "world",
    "child_frame_id": "camera_estimate_TSAI",
    "translation": {
      "x": 0.010871829056887217,
      "y": 0.09468776912748778,
      "z": 1.5580544820224995
    },
    "rotation": {
      "x": -0.10527677518785453,
      "y": 0.2856351556157564,
      "z": 0.14886351571758874,
      "w": 0.9408342107781837
    }
  },
  "PARK": {
    "time": 1691668151.2209666,
    "frame_id": "world",
    "child_frame_id": "camera_estimate_PARK",
    "translation": {
      "x": -0.06586642972250412,
      "y": 0.13012836035887948,
      "z": 1.7436133690408342
    },
    "rotation": {
      "x": -0.19214585994392197,
      "y": -0.5364555985967917,
      "z": -0.039467709916098104,
      "w": 0.8208152405471937
    }
  },
  "HORAUD": {
    "time": 1691668151.2210581,
    "frame_id": "world",
    "child_frame_id": "camera_estimate_HORAUD",
    "translation": {
      "x": 0.055120097565398596,
      "y": -0.04739285848368702,
      "z": 1.4228153916604138
    },
    "rotation": {
      "x": 0.7706446422271839,
      "y": -0.5830407520253609,
      "z": 0.04014933648630329,
      "w": -0.25408334786826803
    }
  },
  "ANDREFF": {
    "time": 1691668151.2211394,
    "frame_id": "world",
    "child_frame_id": "camera_estimate_ANDREFF",
    "translation": {
      "x": 0,
      "y": 0,
      "z": 0
    },
    "rotation": {
      "x": NaN,
      "y": NaN,
      "z": NaN,
      "w": NaN
    }
  },
  "DANIILIDIS": {
    "time": 1691668151.2211804,
    "frame_id": "world",
    "child_frame_id": "camera_estimate_DANIILIDIS",
    "translation": {
      "x": 1.0495314884186748,
      "y": -1.2774157074051071,
      "z": 1.7626160942711793
    },
    "rotation": {
      "x": -0.5616524542780816,
      "y": 0.4220087466500432,
      "z": 0.7089907877247386,
      "w": -0.06154024110874096
    }
  },
  "MEAN": {
    "time": 1691668151.2225373,
    "frame_id": "world",
    "child_frame_id": "camera_estimate_MEAN",
    "translation": {
      "x": -0.025309940570927007,
      "y": 0.11139786038840806,
      "z": 1.6455447249506336
    },
    "rotation": {
      "x": -0.16455695533487433,
      "y": -0.1387730574521217,
      "z": 0.06052612882379501,
      "w": 0.974679247088965
    }
  }
}