{
  "TSAI": {
    "time": 1685618682.4807408,
    "frame_id": "world",
    "child_frame_id": "camera_estimate_TSAI",
    "translation": {
      "x": 0.8785920571583525,
      "y": 0.020012292028088324,
      "z": 0.4558891060728261
    },
    "rotation": {
      "x": 0.6491062518181764,
      "y": 0.6365425926621643,
      "z": -0.317579607671062,
      "w": -0.2694768902317646
    }
  },
  "PARK": {
    "time": 1685618682.4808323,
    "frame_id": "world",
    "child_frame_id": "camera_estimate_PARK",
    "translation": {
      "x": 0.8778785082005596,
      "y": 0.01957920825011472,
      "z": 0.4564589821235068
    },
    "rotation": {
      "x": 0.6480958261567065,
      "y": 0.6374608482253069,
      "z": -0.3180976427908172,
      "w": -0.26912702716199655
    }
  },
  "HORAUD": {
    "time": 1685618682.480883,
    "frame_id": "world",
    "child_frame_id": "camera_estimate_HORAUD",
    "translation": {
      "x": 0.8778712138693647,
      "y": 0.01957698885855816,
      "z": 0.45646460971372316
    },
    "rotation": {
      "x": 0.6481023931822933,
      "y": 0.6374532302080036,
      "z": -0.3181029271937433,
      "w": -0.2691230108324779
    }
  },
  "ANDREFF": {
    "time": 1685618682.4809718,
    "frame_id": "world",
    "child_frame_id": "camera_estimate_ANDREFF",
    "translation": {
      "x": 0.8782661538988815,
      "y": 0.01664645364608458,
      "z": 0.4558388836679269
    },
    "rotation": {
      "x": 0.6481356967799139,
      "y": 0.6374885411421912,
      "z": -0.3180482743845045,
      "w": -0.2690237417646538
    }
  },
  "DANIILIDIS": {
    "time": 1685618682.4810178,
    "frame_id": "world",
    "child_frame_id": "camera_estimate_DANIILIDIS",
    "translation": {
      "x": 0.8776853622754759,
      "y": 0.017090785489998983,
      "z": 0.45890778417264594
    },
    "rotation": {
      "x": 0.6491192854228913,
      "y": 0.6366367326551433,
      "z": -0.31683254440554687,
      "w": -0.2701017636591177
    }
  }
}