{
  "TSAI": {
    "time": 1692176556.2903857,
    "frame_id": "world",
    "child_frame_id": "camera_estimate_TSAI",
    "translation": {
      "x": 1.3897346582280612,
      "y": -0.02156832799955894,
      "z": 0.7637619523511268
    },
    "rotation": {
      "x": 0.03257335291655993,
      "y": -0.39964660744564545,
      "z": -0.05669288751269211,
      "w": 0.914334447750074
    }
  },
  "PARK": {
    "time": 1692176556.2904685,
    "frame_id": "world",
    "child_frame_id": "camera_estimate_PARK",
    "translation": {
      "x": 1.353777722153314,
      "y": 0.01475808260510729,
      "z": 0.7820518904697418
    },
    "rotation": {
      "x": 0.5919967390937106,
      "y": 0.5923593613443601,
      "z": -0.3806745491325664,
      "w": -0.3920932740724231
    }
  },
  "HORAUD": {
    "time": 1692176556.2905145,
    "frame_id": "world",
    "child_frame_id": "camera_estimate_HORAUD",
    "translation": {
      "x": 1.3538128960381295,
      "y": 0.015114533880462994,
      "z": 0.7819572631943226
    },
    "rotation": {
      "x": 0.5960608904167952,
      "y": 0.5916319832263774,
      "z": -0.3816749841728246,
      "w": -0.3860145305501269
    }
  },
  "ANDREFF": {
    "time": 1692176556.290597,
    "frame_id": "world",
    "child_frame_id": "camera_estimate_ANDREFF",
    "translation": {
      "x": 1.3546211925584712,
      "y": 0.014576592978056701,
      "z": 0.7816674996884686
    },
    "rotation": {
      "x": 0.5923651829296496,
      "y": 0.592288578549241,
      "z": -0.3807707453333355,
      "w": -0.39154995756753525
    }
  },
  "DANIILIDIS": {
    "time": 1692176556.2906392,
    "frame_id": "world",
    "child_frame_id": "camera_estimate_DANIILIDIS",
    "translation": {
      "x": 0.2812294962632073,
      "y": 0.5409834169412856,
      "z": 1.0617497768296553
    },
    "rotation": {
      "x": 0.7607229965471749,
      "y": 0.3605124122428502,
      "z": -0.49802960028171894,
      "w": -0.20808133118172734
    }
  },
  "MEAN": {
    "time": 1692176556.2912033,
    "frame_id": "world",
    "child_frame_id": "camera_estimate_MEAN",
    "translation": {
      "x": 1.3540705398767476,
      "y": 0.014816431435857464,
      "z": 0.7818922436702003
    },
    "rotation": {
      "x": 0.5934775935406165,
      "y": 0.5920966310080705,
      "z": -0.38104222903924767,
      "w": -0.389888118827611
    }
  }
}