{"TSAI": {"time": 1689762880.0794866, "frame_id": "panda_hand", "child_frame_id": "camera_estimate_TSAI", "translation": {"x": 0.02908859264513734, "y": -0.03365834551154945, "z": 0.06419802286796863}, "rotation": {"x": 0.008798443990773092, "y": 0.00512681845614319, "z": 0.6921908103883777, "w": 0.7216426990760317}}, "PARK": {"time": 1689762880.079604, "frame_id": "panda_hand", "child_frame_id": "camera_estimate_PARK", "translation": {"x": 0.029143718272396302, "y": -0.03352238947762746, "z": 0.06421947863913409}, "rotation": {"x": 0.008907907362473258, "y": 0.005192961103518691, "z": 0.6929041742912665, "w": 0.7209559539882704}}, "HORAUD": {"time": 1689762880.0796552, "frame_id": "panda_hand", "child_frame_id": "camera_estimate_HORAUD", "translation": {"x": 0.029123200704570824, "y": -0.03356494743961881, "z": 0.06421734134857619}, "rotation": {"x": 0.008740207411971197, "y": 0.005473243582469182, "z": 0.6929092179771481, "w": 0.7209510857342403}}, "ANDREFF": {"time": 1689762880.079694, "frame_id": "panda_hand", "child_frame_id": "camera_estimate_ANDREFF", "translation": {"x": 0.02880425465716091, "y": -0.03334855146198579, "z": 0.0658981726450642}, "rotation": {"x": 0.009017477381147726, "y": 0.005288327195181621, "z": 0.6933580531075911, "w": 0.720517403598281}}, "DANIILIDIS": {"time": 1689762880.0797594, "frame_id": "panda_hand", "child_frame_id": "camera_estimate_DANIILIDIS", "translation": {"x": 0.0291949554127271, "y": -0.03290661457482364, "z": 0.06226486881129116}, "rotation": {"x": 0.009106370303448652, "y": 0.005004367593895225, "z": 0.6936131902021556, "w": 0.7202727071758793}}, "MEAN": {"time": 1689762880.080441, "frame_id": "panda_hand", "child_frame_id": "camera_estimate_MEAN", "translation": {"x": 0.029143718272396302, "y": -0.03352238947762746, "z": 0.06421947863913409}, "rotation": {"x": 0.008907907362473258, "y": 0.005192961103518856, "z": 0.6929041742912665, "w": 0.7209559539882705}}}