{
  "TSAI": {
    "time": 1688031610.9998176,
    "frame_id": "world",
    "child_frame_id": "camera_estimate_TSAI",
    "translation": {
      "x": 0.8697451437142054,
      "y": 0.03564364429716997,
      "z": 0.6346798950223432
    },
    "rotation": {
      "x": 0.7262358017837447,
      "y": 0.6100604024136551,
      "z": -0.1953850115069418,
      "w": -0.24946455237737275
    }
  },
  "PARK": {
    "time": 1688031610.9999542,
    "frame_id": "world",
    "child_frame_id": "camera_estimate_PARK",
    "translation": {
      "x": 0.869886214181956,
      "y": 0.03544033309944977,
      "z": 0.6345145809187634
    },
    "rotation": {
      "x": 0.7278700698361327,
      "y": 0.6077717415064272,
      "z": -0.1958436107864545,
      "w": -0.24992789315542965
    }
  },
  "HORAUD": {
    "time": 1688031611.000052,
    "frame_id": "world",
    "child_frame_id": "camera_estimate_HORAUD",
    "translation": {
      "x": 0.8698896643048258,
      "y": 0.03541850562421019,
      "z": 0.6345148527914928
    },
    "rotation": {
      "x": 0.7279965487692808,
      "y": 0.607704524727437,
      "z": -0.19568245584699767,
      "w": -0.24984917866485765
    }
  },
  "ANDREFF": {
    "time": 1688031611.0000994,
    "frame_id": "world",
    "child_frame_id": "camera_estimate_ANDREFF",
    "translation": {
      "x": 0.8611726443503039,
      "y": 0.03280265748660531,
      "z": 0.6317128231540461
    },
    "rotation": {
      "x": 0.7280214707328526,
      "y": 0.6077010101214163,
      "z": -0.19566170456591103,
      "w": -0.24980135671318265
    }
  },
  "DANIILIDIS": {
    "time": 1688031611.0001876,
    "frame_id": "world",
    "child_frame_id": "camera_estimate_DANIILIDIS",
    "translation": {
      "x": 0.8708199402008379,
      "y": 0.03697373791906505,
      "z": 0.6304463217933497
    },
    "rotation": {
      "x": 0.7265812035663277,
      "y": 0.6094328666787013,
      "z": -0.1957120330085697,
      "w": -0.24973613229074304
    }
  }
}