{
  "TSAI": {
    "time": 1691669269.149323,
    "frame_id": "world",
    "child_frame_id": "camera_estimate_TSAI",
    "translation": {
      "x": 0.010400120894116238,
      "y": -0.0037196168212579733,
      "z": 1.5447622260401317
    },
    "rotation": {
      "x": 0.6649738030036979,
      "y": -0.551738390630136,
      "z": -0.058280636648415304,
      "w": -0.49999795701134847
    }
  },
  "PARK": {
    "time": 1691669269.149556,
    "frame_id": "world",
    "child_frame_id": "camera_estimate_PARK",
    "translation": {
      "x": 0.008756998955770118,
      "y": -0.03266653587401126,
      "z": 1.5801208743373525
    },
    "rotation": {
      "x": 0.6894544633429301,
      "y": -0.6884952938012496,
      "z": 0.166032798422876,
      "w": -0.15185480972926685
    }
  },
  "HORAUD": {
    "time": 1691669269.1496966,
    "frame_id": "world",
    "child_frame_id": "camera_estimate_HORAUD",
    "translation": {
      "x": 0.008764282000630813,
      "y": -0.03264130982679411,
      "z": 1.5800736889826514
    },
    "rotation": {
      "x": 0.6896513192316558,
      "y": -0.6882396049790362,
      "z": 0.1660433493724336,
      "w": -0.1521082185469321
    }
  },
  "ANDREFF": {
    "time": 1691669269.149825,
    "frame_id": "world",
    "child_frame_id": "camera_estimate_ANDREFF",
    "translation": {
      "x": -0.027940176498569037,
      "y": -0.014611651266677,
      "z": 1.647462757130427
    },
    "rotation": {
      "x": 0.7357625869685896,
      "y": -0.6386151608192253,
      "z": 0.15323817793853262,
      "w": -0.16535462742603305
    }
  },
  "DANIILIDIS": {
    "time": 1691669269.149928,
    "frame_id": "world",
    "child_frame_id": "camera_estimate_DANIILIDIS",
    "translation": {
      "x": -0.1056134434406585,
      "y": -0.11477053668153177,
      "z": 1.747330016863588
    },
    "rotation": {
      "x": 0.7239141776917446,
      "y": -0.6509239419465589,
      "z": 0.17827075556151054,
      "w": -0.1430588090582559
    }
  },
  "MEAN": {
    "time": 1691669269.1523256,
    "frame_id": "world",
    "child_frame_id": "camera_estimate_MEAN",
    "translation": {
      "x": -0.003135232901423494,
      "y": -0.0268058627441927,
      "z": 1.6019325220182286
    },
    "rotation": {
      "x": -0.7053358307663247,
      "y": 0.6721624453244482,
      "z": -0.16186288146631608,
      "w": 0.156522907384376
    }
  }
}