{"time": 1690453767.3126338, "frame_id": "world", "child_frame_id": "mean_live_camera_estimate", "translation": {"x": 1.5496586233146346, "y": 0.017189562287284525, "z": 0.7792002855524809}, "rotation": {"x": 0.5942383998503528, "y": 0.5904916196394632, "z": -0.3815070014700842, "w": -0.39070804843023277}}