{
  "time": 1689236461.0064888,
  "frame_id": "world",
  "child_frame_id": "mean_live_camera_estimate",
  "translation": {
    "x": 1.606642870694783,
    "y": -0.042357162810321175,
    "z": 0.7573115289738697
  },
  "rotation": {
    "x": 0.6139535379503804,
    "y": 0.63539414890418,
    "z": -0.3364691671221071,
    "w": -0.325766524297232
  }
}