{
  "TSAI": {
    "time": 1692189610.333856,
    "frame_id": "panda_hand",
    "child_frame_id": "camera_estimate_TSAI",
    "translation": {
      "x": 0.030740830220093607,
      "y": -0.03457437826044235,
      "z": 0.06451790703425662
    },
    "rotation": {
      "x": 0.008679873942736734,
      "y": 0.0028574911153422936,
      "z": 0.6938173594552961,
      "w": 0.7200930261093663
    }
  },
  "PARK": {
    "time": 1692189610.3339765,
    "frame_id": "panda_hand",
    "child_frame_id": "camera_estimate_PARK",
    "translation": {
      "x": 0.030672476417483642,
      "y": -0.0347075420373603,
      "z": 0.06447275398733418
    },
    "rotation": {
      "x": 0.008679481104490148,
      "y": 0.0029994983701077467,
      "z": 0.6936258013482903,
      "w": 0.7202769726440148
    }
  },
  "HORAUD": {
    "time": 1692189610.3340473,
    "frame_id": "panda_hand",
    "child_frame_id": "camera_estimate_HORAUD",
    "translation": {
      "x": 0.03072238936742471,
      "y": -0.034414020576709704,
      "z": 0.06446721371401098
    },
    "rotation": {
      "x": 0.008963685691252882,
      "y": 0.002866330404199327,
      "z": 0.6940015242237495,
      "w": 0.7199120230027799
    }
  },
  "ANDREFF": {
    "time": 1692189610.3340912,
    "frame_id": "panda_hand",
    "child_frame_id": "camera_estimate_ANDREFF",
    "translation": {
      "x": 0.030598680015755598,
      "y": -0.033804857399571925,
      "z": 0.07353530593256186
    },
    "rotation": {
      "x": 0.009044320218455373,
      "y": 0.0029038324957636284,
      "z": 0.6940600047718136,
      "w": 0.7198544837706943
    }
  },
  "DANIILIDIS": {
    "time": 1692189610.3341296,
    "frame_id": "panda_hand",
    "child_frame_id": "camera_estimate_DANIILIDIS",
    "translation": {
      "x": 0.03132048964882027,
      "y": -0.03470038301219184,
      "z": 0.06517437301540689
    },
    "rotation": {
      "x": 0.008789134531735215,
      "y": 0.002722758460081864,
      "z": 0.6940976227762514,
      "w": 0.7198220806261139
    }
  },
  "MEAN": {
    "time": 1692189610.3350558,
    "frame_id": "panda_hand",
    "child_frame_id": "camera_estimate_MEAN",
    "translation": {
      "x": 0.030731602931836546,
      "y": -0.03449413974877465,
      "z": 0.06449254151092576
    },
    "rotation": {
      "x": 0.008821779979432483,
      "y": 0.0028619108124677828,
      "z": 0.6939094546166535,
      "w": 0.7200025378136625
    }
  }
}