{
  "TSAI": {
    "time": 1690458274.8559432,
    "frame_id": "world",
    "child_frame_id": "camera_estimate_TSAI",
    "translation": {
      "x": 1.3606023229653892,
      "y": 0.01086003980739867,
      "z": 0.790045336625243
    },
    "rotation": {
      "x": 0.5970920570351116,
      "y": 0.5892156053171396,
      "z": -0.38028415779475844,
      "w": -0.38947401095152306
    }
  },
  "PARK": {
    "time": 1690458274.8560295,
    "frame_id": "world",
    "child_frame_id": "camera_estimate_PARK",
    "translation": {
      "x": 1.3606154431241857,
      "y": 0.010770383304932976,
      "z": 0.7899575002107564
    },
    "rotation": {
      "x": 0.5964828012031189,
      "y": 0.5897073811490662,
      "z": -0.380082437037851,
      "w": -0.38985999223126055
    }
  },
  "HORAUD": {
    "time": 1690458274.8560731,
    "frame_id": "world",
    "child_frame_id": "camera_estimate_HORAUD",
    "translation": {
      "x": 1.360588211829506,
      "y": 0.010752599587725467,
      "z": 0.7899340617046399
    },
    "rotation": {
      "x": 0.5964956882312948,
      "y": 0.5898837704423523,
      "z": -0.3797606193075681,
      "w": -0.3898870391707329
    }
  },
  "ANDREFF": {
    "time": 1690458274.8561134,
    "frame_id": "world",
    "child_frame_id": "camera_estimate_ANDREFF",
    "translation": {
      "x": 1.363249827829237,
      "y": 0.012456426293672287,
      "z": 0.7881843421980357
    },
    "rotation": {
      "x": 0.5947096817274149,
      "y": 0.5915401146620518,
      "z": -0.37760028222981407,
      "w": -0.3921972897219565
    }
  },
  "DANIILIDIS": {
    "time": 1690458274.856154,
    "frame_id": "world",
    "child_frame_id": "camera_estimate_DANIILIDIS",
    "translation": {
      "x": 1.359874823591685,
      "y": 0.009302152416451492,
      "z": 0.7892858716131618
    },
    "rotation": {
      "x": 0.5968121268465818,
      "y": 0.5896282758346729,
      "z": -0.37963212539123237,
      "w": -0.38991438926516436
    }
  },
  "MEAN": {
    "time": 1690458274.8581898,
    "frame_id": "world",
    "child_frame_id": "camera_estimate_MEAN",
    "translation": {
      "x": 1.3606019925338864,
      "y": 0.01079434012208475,
      "z": 0.7899789653737805
    },
    "rotation": {
      "x": 0.5966902545704406,
      "y": 0.5896023238932949,
      "z": -0.380042450839864,
      "w": -0.38974039477570027
    }
  }
}