{
  "time": 1690459994.6054866,
  "frame_id": "world",
  "child_frame_id": "mean_live_camera_estimate",
  "translation": {
    "x": 0.02653598383455137,
    "y": -0.029633553487873627,
    "z": 1.6095994539367409
  },
  "rotation": {
    "x": 0.6935968745504437,
    "y": -0.6904026238021316,
    "z": 0.14670180541288877,
    "w": -0.14403531841040787
  }
}