{
  "TSAI": {
    "time": 1691668810.4526868,
    "frame_id": "world",
    "child_frame_id": "camera_estimate_TSAI",
    "translation": {
      "x": 0.011880085533933132,
      "y": 0.018644875096273026,
      "z": 1.554577901018152
    },
    "rotation": {
      "x": -0.5687837567605679,
      "y": 0.5055868358034171,
      "z": 0.16706498971757486,
      "w": 0.6268622485987573
    }
  },
  "PARK": {
    "time": 1691668810.4527738,
    "frame_id": "world",
    "child_frame_id": "camera_estimate_PARK",
    "translation": {
      "x": -9.697992788482157e-05,
      "y": -0.035618363411017095,
      "z": 1.5794807132016595
    },
    "rotation": {
      "x": 0.689621296927711,
      "y": -0.6844844285463114,
      "z": 0.17438819644860018,
      "w": -0.15966305408821363
    }
  },
  "HORAUD": {
    "time": 1691668810.4528184,
    "frame_id": "world",
    "child_frame_id": "camera_estimate_HORAUD",
    "translation": {
      "x": -0.00010212262204992162,
      "y": -0.035623745024476274,
      "z": 1.5794873266190192
    },
    "rotation": {
      "x": 0.689707025638736,
      "y": -0.6844039213819204,
      "z": 0.1744292031935136,
      "w": -0.1595930582916878
    }
  },
  "ANDREFF": {
    "time": 1691668810.4528592,
    "frame_id": "world",
    "child_frame_id": "camera_estimate_ANDREFF",
    "translation": {
      "x": -0.007376519196689548,
      "y": -0.008668862481569617,
      "z": 1.6479115791984218
    },
    "rotation": {
      "x": 0.7287634324277746,
      "y": -0.6399139676871736,
      "z": 0.14966445946568036,
      "w": -0.1923915878820928
    }
  },
  "DANIILIDIS": {
    "time": 1691668810.4528978,
    "frame_id": "world",
    "child_frame_id": "camera_estimate_DANIILIDIS",
    "translation": {
      "x": -0.19690946572510584,
      "y": -0.1652787958171463,
      "z": 1.775182934872497
    },
    "rotation": {
      "x": 0.7315357636932341,
      "y": -0.6372005790624293,
      "z": 0.20440338865712293,
      "w": -0.13057604369005324
    }
  },
  "MEAN": {
    "time": 1691668810.4573975,
    "frame_id": "world",
    "child_frame_id": "camera_estimate_MEAN",
    "translation": {
      "x": -0.0024574836702487557,
      "y": -0.026887822625932364,
      "z": 1.6016563808070483
    },
    "rotation": {
      "x": -0.7030957400914487,
      "y": 0.6699962818985704,
      "z": -0.16626140858241187,
      "w": 0.1706414560519853
    }
  }
}