{
  "TSAI": {
    "time": 1688916348.1970556,
    "frame_id": "world",
    "child_frame_id": "camera_estimate_TSAI",
    "translation": {
      "x": 1.5281088686407862,
      "y": -0.013973183250166055,
      "z": 0.7627964818591461
    },
    "rotation": {
      "x": 0.6267160039476518,
      "y": 0.6263706961498657,
      "z": -0.3179095853073342,
      "w": -0.3373726381471064
    }
  },
  "PARK": {
    "time": 1688916348.1971247,
    "frame_id": "world",
    "child_frame_id": "camera_estimate_PARK",
    "translation": {
      "x": 1.5281033115625915,
      "y": -0.01413511106451698,
      "z": 0.7628823878604505
    },
    "rotation": {
      "x": 0.626676500439555,
      "y": 0.6266643574386749,
      "z": -0.31700217021478727,
      "w": -0.3377543056600762
    }
  },
  "HORAUD": {
    "time": 1688916348.1972208,
    "frame_id": "world",
    "child_frame_id": "camera_estimate_HORAUD",
    "translation": {
      "x": 1.5281004194784058,
      "y": -0.014125342816868225,
      "z": 0.7628777796164423
    },
    "rotation": {
      "x": 0.6266949243765706,
      "y": 0.6266374803936812,
      "z": -0.3170413957118516,
      "w": -0.3377331688353754
    }
  },
  "ANDREFF": {
    "time": 1688916348.197312,
    "frame_id": "world",
    "child_frame_id": "camera_estimate_ANDREFF",
    "translation": {
      "x": 1.5189770759363368,
      "y": -0.01675033579376677,
      "z": 0.7497975255694075
    },
    "rotation": {
      "x": 0.6258340694837364,
      "y": 0.6275582003107186,
      "z": -0.3159596610899305,
      "w": -0.33863241909205016
    }
  },
  "DANIILIDIS": {
    "time": 1688916348.197369,
    "frame_id": "world",
    "child_frame_id": "camera_estimate_DANIILIDIS",
    "translation": {
      "x": 1.5272833424326782,
      "y": -0.007455588536358637,
      "z": 0.7618595865473596
    },
    "rotation": {
      "x": 0.6363019258152823,
      "y": 0.6155094419671444,
      "z": -0.33067480665478494,
      "w": -0.326989538512898
    }
  }
}