{
  "time": 1690459472.8853984,
  "frame_id": "world",
  "child_frame_id": "mean_live_camera_estimate",
  "translation": {
    "x": 1.3531383876623544,
    "y": 0.013674085416141138,
    "z": 0.7692195235041909
  },
  "rotation": {
    "x": 0.5916705087195626,
    "y": 0.5896768689820198,
    "z": -0.3822669472826161,
    "w": -0.39506857672349216
  }
}