{
  "d455_default": {
    "camera_matrix": [
      [
        640.627,
        0,
        650.553
      ],
      [
        0,
        639.93,
        401.117
      ],
      [
        0,
        0,
        1
      ]
    ],
    "distortion": [
      -0.0560283,
      0.0681727,
      -0.00045875,
      0.00051036,
      -0.0216126
    ],
    "resolution": [
      1280,
      800
    ]
  },
  "d435_default": {
    "camera_matrix": [
      [
        1369.00576,
        0.0,
        951.902341
      ],
      [
        0.0,
        1367.85045,
        555.770006
      ],
      [
        0.0,
        0.0,
        1.0
      ]
    ],
    "distortion": [
      0.152957448,
      -0.451760926,
      -0.00122883437,
      0.00037790657,
      0.349626687
    ],
    "resolution": [
      1920,
      1080
    ]
  }
}