{
  "d455_default": {
    "camera_matrix": [
      [
        640.627,
        0,
        650.553
      ],
      [
        0,
        639.93,
        401.117
      ],
      [
        0,
        0,
        1
      ]
    ],
    "distortion": [
      -0.0560283,
      0.0681727,
      -0.00045875,
      0.00051036,
      -0.0216126
    ],
    "resolution": [
      1280,
      800
    ]
  },
  "d435_default": {
    "camera_matrix": [
      [
        1.36900576e3,
        0.00000000,
        9.51902341e2
      ],
      [
        0.00000000,
        1.36785045e3,
        5.55770006e2
      ],
      [
        0.00000000,
        0.00000000,
        1.00000000
      ]
    ],
    "distortion": [
      1.52957448e-1,
      -4.51760926e-1,
      -1.22883437e-3,
      3.77906570e-4,
      3.49626687e-1
    ],
    "resolution": [
      1920,
      1080
    ]
  }
}