{
  "d455_default": {
    "camera_matrix": [
      [
        640.627,
        0,
        650.553
      ],
      [
        0,
        639.93,
        401.117
      ],
      [
        0,
        0,
        1
      ]
    ],
    "distortion": [
      -0.0560283,
      0.0681727,
      -0.00045875,
      0.00051036,
      -0.0216126
    ],
    "resolution": [
      1280,
      800
    ]
  },
  "d435_default": {
    "camera_matrix": [
      [
        1369.00576,
        0.0,
        951.902341
      ],
      [
        0.0,
        1367.85045,
        555.770006
      ],
      [
        0.0,
        0.0,
        1.0
      ]
    ],
    "distortion": [
      0.152957448,
      -0.451760926,
      -0.00122883437,
      0.00037790657,
      0.349626687
    ],
    "resolution": [
      1920,
      1080
    ]
  },
  "oskar_webcam": {
    "camera_matrix": [
      [
        1117.293069663734,
        0.0,
        688.8037917031598
      ],
      [
        0.0,
        1104.4726724954228,
        311.29893792814045
      ],
      [
        0.0,
        0.0,
        1.0
      ]
    ],
    "distortion": [
      0.11234854866089078,
      -2.004131623181814,
      0.02220025786366738,
      0.010555061559604019,
      6.44960693337827
    ],
    "resolution": [
      1280,
      720
    ]
  },
  "d455": {
    "camera_matrix": [
      [
        568.5466678675189,
        0.0,
        649.5589315352315
      ],
      [
        0.0,
        574.307388574841,
        396.83221184025047
      ],
      [
        0.0,
        0.0,
        1.0
      ]
    ],
    "distortion": [
      -0.042425194982453104,
      0.037128970473276714,
      -0.0008168902641258802,
      0.002113115791577915,
      -0.01200462857930478
    ],
    "resolution": [
      1280,
      800
    ]
  }
}