{
  "d455_default": {
    "camera_matrix": [
      [
        640.627,
        0,
        650.553
      ],
      [
        0,
        639.93,
        401.117
      ],
      [
        0,
        0,
        1
      ]
    ],
    "distortion": [
      -0.0560283,
      0.0681727,
      -0.00045875,
      0.00051036,
      -0.0216126
    ],
    "resolution": [
      1280,
      800
    ]
  },
  "d435_default": {
    "camera_matrix": [
      [
        1369.00576,
        0.0,
        951.902341
      ],
      [
        0.0,
        1367.85045,
        555.770006
      ],
      [
        0.0,
        0.0,
        1.0
      ]
    ],
    "distortion": [
      0.152957448,
      -0.451760926,
      -0.00122883437,
      0.00037790657,
      0.349626687
    ],
    "resolution": [
      1920,
      1080
    ]
  },
  "oskar_webcam": {
    "camera_matrix": [
      [
        1117.293069663734,
        0.0,
        688.8037917031598
      ],
      [
        0.0,
        1104.4726724954228,
        311.29893792814045
      ],
      [
        0.0,
        0.0,
        1.0
      ]
    ],
    "distortion": [
      0.11234854866089078,
      -2.004131623181814,
      0.02220025786366738,
      0.010555061559604019,
      6.44960693337827
    ],
    "resolution": [
      1280,
      720
    ]
  },
  "d455": {
    "camera_matrix": [
      [
        568.5466678675189,
        0.0,
        649.5589315352315
      ],
      [
        0.0,
        574.307388574841,
        396.83221184025047
      ],
      [
        0.0,
        0.0,
        1.0
      ]
    ],
    "distortion": [
      -0.042425194982453104,
      0.037128970473276714,
      -0.0008168902641258802,
      0.002113115791577915,
      -0.01200462857930478
    ],
    "resolution": [
      1280,
      800
    ]
  },
  "d435_480p": {
    "camera_matrix": [
      [
        610.3099847899534,
        0.0,
        316.561635148561
      ],
      [
        0.0,
        610.2610933759549,
        248.81174552777875
      ],
      [
        0.0,
        0.0,
        1.0
      ]
    ],
    "distortion": [
      0.10918325017114763,
      -0.06581479641101054,
      -0.0005263050990020325,
      -0.00014873707444519938,
      -0.5777280366898915
    ],
    "resolution": [
      640,
      480
    ]
  },
  "d435_default_480p": {
    "camera_matrix": [
      [
        616.68,
        0.0,
        314.182
      ],
      [
        0.0,
        617.031,
        249.473
      ],
      [
        0.0,
        0.0,
        1.0
      ]
    ],
    "distortion": [
      0.0,
      0.0,
      0.0,
      0.0,
      0.0
    ],
    "resolution": [
      640,
      480
    ]
  },
  "d435_480p_testing": {
    "camera_matrix": [
      [
        610.5161098306965,
        0.0,
        316.570556325081
      ],
      [
        0.0,
        610.2514282356697,
        248.7428820561591
      ],
      [
        0.0,
        0.0,
        1.0
      ]
    ],
    "distortion": [
      0.08925920950545241,
      0.14050656089995214,
      -0.00039746396525780833,
      1.8539405479855638e-05,
      -1.1595432722407135
    ],
    "resolution": [
      640,
      480
    ]
  },
  "cam_front_default": {
    "camera_matrix": [
      [
        424.44488525390625,
        0.0,
        430.99163818359375
      ],
      [
        0.0,
        423.95391845703125,
        240.74029541015625
      ],
      [
        0.0,
        0.0,
        1.0
      ]
    ],
    "distortion": [
      -0.0560283400118351,
      0.06817267090082169,
      -0.00045875474461354315,
      0.0005103620933368802,
      -0.021612629294395447
    ],
    "resolution": [
      848,
      480
    ]
  },
  "cam_top_default": {
    "camera_matrix": [
      [
        426.3318786621094,
        0.0,
        429.7237854003906
      ],
      [
        0.0,
        425.89202880859375,
        238.95330810546875
      ],
      [
        0.0,
        0.0,
        1.0
      ]
    ],
    "distortion": [
      -0.053763799369335175,
      0.06382066756486893,
      -0.0006257760687731206,
      0.0002551106736063957,
      -0.020408883690834045
    ],
    "resolution": [
      848,
      480
    ]
  }
}