{
  "TSAI": {
    "time": 1692176540.973069,
    "frame_id": "world",
    "child_frame_id": "camera_estimate_TSAI",
    "translation": {
      "x": 1.355377198134671,
      "y": 0.0178414929901616,
      "z": 0.7859630943416047
    },
    "rotation": {
      "x": 0.5954824942876804,
      "y": 0.5908632825308588,
      "z": -0.38272377244594563,
      "w": -0.38704482215697594
    }
  },
  "PARK": {
    "time": 1692176540.973162,
    "frame_id": "world",
    "child_frame_id": "camera_estimate_PARK",
    "translation": {
      "x": 1.3553937018456472,
      "y": 0.017787112297073054,
      "z": 0.7859637047420405
    },
    "rotation": {
      "x": 0.5946971422347448,
      "y": 0.5913394844501229,
      "z": -0.3828404136059618,
      "w": -0.3874095260291195
    }
  },
  "HORAUD": {
    "time": 1692176540.973205,
    "frame_id": "world",
    "child_frame_id": "camera_estimate_HORAUD",
    "translation": {
      "x": 1.3553979433050163,
      "y": 0.017785493045331814,
      "z": 0.7859636777219638
    },
    "rotation": {
      "x": 0.5946811758658932,
      "y": 0.5913664729232103,
      "z": -0.3828140874053467,
      "w": -0.387418853770867
    }
  },
  "ANDREFF": {
    "time": 1692176540.9732678,
    "frame_id": "world",
    "child_frame_id": "camera_estimate_ANDREFF",
    "translation": {
      "x": 1.3568500169779456,
      "y": 0.017841143821634306,
      "z": 0.785695243554962
    },
    "rotation": {
      "x": 0.5948457930505624,
      "y": 0.5911938453299488,
      "z": -0.3830326044018241,
      "w": -0.3872135634235866
    }
  },
  "DANIILIDIS": {
    "time": 1692176540.9733114,
    "frame_id": "world",
    "child_frame_id": "camera_estimate_DANIILIDIS",
    "translation": {
      "x": 1.3549668372152248,
      "y": 0.017927564993443723,
      "z": 0.7883249220759367
    },
    "rotation": {
      "x": 0.5936822715948284,
      "y": 0.5927670099846687,
      "z": -0.38066996620197324,
      "w": -0.38892031201729316
    }
  },
  "MEAN": {
    "time": 1692176540.9739816,
    "frame_id": "world",
    "child_frame_id": "camera_estimate_MEAN",
    "translation": {
      "x": 1.3553896143851163,
      "y": 0.017804699568349843,
      "z": 0.7859634922672107
    },
    "rotation": {
      "x": 0.5949536713721019,
      "y": 0.5911898134999762,
      "z": -0.3827928011060718,
      "w": -0.3872911111245491
    }
  }
}