{"TSAI": {"time": 1691669442.9493062, "frame_id": "world", "child_frame_id": "camera_estimate_TSAI", "translation": {"x": 0.013251732397585952, "y": -0.004857707704423741, "z": 1.5437643335062858}, "rotation": {"x": 0.6549362336906396, "y": -0.5666877174690435, "z": -0.05712689567649156, "w": -0.49664884824110145}}, "PARK": {"time": 1691669442.9493904, "frame_id": "world", "child_frame_id": "camera_estimate_PARK", "translation": {"x": 0.008487819148057352, "y": -0.032300450823191176, "z": 1.5791576319763576}, "rotation": {"x": -0.688820084405109, "y": 0.6894927822020499, "z": -0.16387576878636997, "w": 0.15254942483041792}}, "HORAUD": {"time": 1691669442.9523728, "frame_id": "world", "child_frame_id": "camera_estimate_HORAUD", "translation": {"x": 0.00850157457548556, "y": -0.032276476576705404, "z": 1.5791028568604875}, "rotation": {"x": -0.6889791553111219, "y": 0.6893036510886227, "z": -0.16374249696150278, "w": 0.15282864532370793}}, "ANDREFF": {"time": 1691669442.952433, "frame_id": "world", "child_frame_id": "camera_estimate_ANDREFF", "translation": {"x": -0.021247352046019154, "y": -0.005835329901618598, "z": 1.645158460825336}, "rotation": {"x": 0.7261279729903591, "y": -0.6496603964985678, "z": 0.15269952278841517, "w": -0.16541581484980977}}, "DANIILIDIS": {"time": 1691669442.9524775, "frame_id": "world", "child_frame_id": "camera_estimate_DANIILIDIS", "translation": {"x": -0.059548979412307454, "y": -0.11228000949702083, "z": 1.735550637449711}, "rotation": {"x": 0.7219972795325106, "y": -0.6570247956124873, "z": 0.1601230195241793, "w": -0.1462838504978672}}, "MEAN": {"time": 1691669442.9534512, "frame_id": "world", "child_frame_id": "camera_estimate_MEAN", "translation": {"x": 0.0025482364157985863, "y": -0.018866943441148257, "z": 1.585960116634423}, "rotation": {"x": -0.7017731416986742, "y": 0.6606946378323224, "z": -0.1095225373721464, "w": 0.24290299902956294}}}