{
  "TSAI": {
    "time": 1690453050.7514956,
    "frame_id": "world",
    "child_frame_id": "camera_estimate_TSAI",
    "translation": {
      "x": 1.5568852580105643,
      "y": 0.00762598361943298,
      "z": 0.7930524305291534
    },
    "rotation": {
      "x": 0.5965883526594878,
      "y": 0.5913366237217678,
      "z": -0.377644672487093,
      "w": -0.38959958452043464
    }
  },
  "PARK": {
    "time": 1690453050.7523868,
    "frame_id": "world",
    "child_frame_id": "camera_estimate_PARK",
    "translation": {
      "x": 1.5587625599896593,
      "y": 0.008098895596514291,
      "z": 0.7933736032775098
    },
    "rotation": {
      "x": 0.5979441602650973,
      "y": 0.5901100992729763,
      "z": -0.37906818707906326,
      "w": -0.3879950534291615
    }
  },
  "HORAUD": {
    "time": 1690453050.752456,
    "frame_id": "world",
    "child_frame_id": "camera_estimate_HORAUD",
    "translation": {
      "x": 1.5587113422015177,
      "y": 0.008086568617634904,
      "z": 0.7933667332140557
    },
    "rotation": {
      "x": 0.5979188408447825,
      "y": 0.5901169415163844,
      "z": -0.3790303561485548,
      "w": -0.388060619254363
    }
  },
  "ANDREFF": {
    "time": 1690453050.7525008,
    "frame_id": "world",
    "child_frame_id": "camera_estimate_ANDREFF",
    "translation": {
      "x": 1.5545549997202275,
      "y": 0.007624432533135515,
      "z": 0.792367173230861
    },
    "rotation": {
      "x": 0.5969552390057659,
      "y": 0.5909777692666747,
      "z": -0.37806790602946067,
      "w": -0.3891713983409534
    }
  },
  "DANIILIDIS": {
    "time": 1690453050.7526462,
    "frame_id": "world",
    "child_frame_id": "camera_estimate_DANIILIDIS",
    "translation": {
      "x": 1.5496962934454273,
      "y": 0.007117070822687921,
      "z": 0.7921374614304216
    },
    "rotation": {
      "x": 0.5960608590892014,
      "y": 0.5917468291763703,
      "z": -0.37715052409486954,
      "w": -0.3902622510524432
    }
  },
  "MEAN": {
    "time": 1690453050.753855,
    "frame_id": "world",
    "child_frame_id": "camera_estimate_MEAN",
    "translation": {
      "x": 1.557226850411442,
      "y": 0.007858769747487065,
      "z": 0.7930395852753007
    },
    "rotation": {
      "x": 0.5973520975236565,
      "y": 0.5906358025951778,
      "z": -0.3784530651405991,
      "w": -0.3887069561540205
    }
  }
}