{
  "time": 1690449905.78277,
  "frame_id": "world",
  "child_frame_id": "mean_live_camera_estimate",
  "translation": {
    "x": 1.5529610341545315,
    "y": 0.023936412196566448,
    "z": 0.7659525998332353
  },
  "rotation": {
    "x": 0.5897119588516727,
    "y": 0.5909181810491971,
    "z": -0.38494983422879564,
    "w": -0.393534158644525
  }
}