{"TSAI": {"time": 1689771056.352133, "frame_id": "world", "child_frame_id": "camera_estimate_TSAI", "translation": {"x": 1.5724685459560033, "y": 0.004656646344232851, "z": 0.7993898079990064}, "rotation": {"x": 0.592144196302886, "y": 0.5970439020440711, "z": -0.368866804783519, "w": -0.3960317034602106}}, "PARK": {"time": 1689771056.3522215, "frame_id": "world", "child_frame_id": "camera_estimate_PARK", "translation": {"x": 1.5747319285508146, "y": 0.007251023066974505, "z": 0.7989128666961457}, "rotation": {"x": 0.5946741063149191, "y": 0.594155096918535, "z": -0.3736458573608921, "w": -0.3920857066526687}}, "HORAUD": {"time": 1689771056.3522668, "frame_id": "world", "child_frame_id": "camera_estimate_HORAUD", "translation": {"x": 1.5747436074315107, "y": 0.007249628409774472, "z": 0.7989168039778002}, "rotation": {"x": 0.594694954875702, "y": 0.5941384605959589, "z": -0.37362737372106747, "w": -0.39209690880233783}}, "ANDREFF": {"time": 1689771056.3530269, "frame_id": "world", "child_frame_id": "camera_estimate_ANDREFF", "translation": {"x": 1.5613998328488128, "y": 0.004067130162453858, "z": 0.79257185055797}, "rotation": {"x": 0.594290798236933, "y": 0.594294649604697, "z": -0.37353678909304044, "w": -0.3925590194814037}}, "DANIILIDIS": {"time": 1689771056.3530862, "frame_id": "world", "child_frame_id": "camera_estimate_DANIILIDIS", "translation": {"x": 1.5597624661785643, "y": 0.005429736521229189, "z": 0.7983984422163044}, "rotation": {"x": 0.5988121476000225, "y": 0.5908797298397879, "z": -0.375073999979754, "w": -0.38936441965117435}}, "MEAN": {"time": 1689771056.3556652, "frame_id": "world", "child_frame_id": "camera_estimate_MEAN", "translation": {"x": 1.5747377679710057, "y": 0.007250325740781571, "z": 0.7989148353301775}, "rotation": {"x": 0.5946845306829198, "y": 0.5941467788447767, "z": -0.373636615596024, "w": -0.3920913077852663}}}