{
  "TSAI": {
    "time": 1690456154.0427601,
    "frame_id": "panda_hand",
    "child_frame_id": "camera_estimate_TSAI",
    "translation": {
      "x": 0.029551611025361336,
      "y": -0.036659925100351765,
      "z": 0.062250917255166224
    },
    "rotation": {
      "x": 0.011059157862433135,
      "y": 0.006377499242394545,
      "z": 0.6930289244765427,
      "w": 0.7207967344332752
    }
  },
  "PARK": {
    "time": 1690456154.0428421,
    "frame_id": "panda_hand",
    "child_frame_id": "camera_estimate_PARK",
    "translation": {
      "x": 0.0294277006532171,
      "y": -0.03707602397594653,
      "z": 0.06222501271527324
    },
    "rotation": {
      "x": 0.01084294984260721,
      "y": 0.006816301991995807,
      "z": 0.6930093388929333,
      "w": 0.7208148338325484
    }
  },
  "HORAUD": {
    "time": 1690456154.0428882,
    "frame_id": "panda_hand",
    "child_frame_id": "camera_estimate_HORAUD",
    "translation": {
      "x": 0.02942320529562224,
      "y": -0.03706095467145136,
      "z": 0.06222432887038091
    },
    "rotation": {
      "x": 0.010853894701520445,
      "y": 0.006809447938616423,
      "z": 0.6930383059023667,
      "w": 0.720786883163503
    }
  },
  "ANDREFF": {
    "time": 1690456154.042926,
    "frame_id": "panda_hand",
    "child_frame_id": "camera_estimate_ANDREFF",
    "translation": {
      "x": 0.02850319762562807,
      "y": -0.03753919778243353,
      "z": 0.06594652993816202
    },
    "rotation": {
      "x": 0.010440148310545684,
      "y": 0.007142712872706614,
      "z": 0.6933304361269572,
      "w": 0.7205087725323511
    }
  },
  "DANIILIDIS": {
    "time": 1690456154.042962,
    "frame_id": "panda_hand",
    "child_frame_id": "camera_estimate_DANIILIDIS",
    "translation": {
      "x": 0.0289153122663762,
      "y": -0.03880466903224706,
      "z": 0.06223881212966363
    },
    "rotation": {
      "x": 0.010167414111697096,
      "y": 0.0074839242355420645,
      "z": 0.6934185593148817,
      "w": 0.7204244000351404
    }
  },
  "MEAN": {
    "time": 1690456154.0501342,
    "frame_id": "panda_hand",
    "child_frame_id": "camera_estimate_MEAN",
    "translation": {
      "x": 0.0294675501801035,
      "y": -0.036932156471907424,
      "z": 0.062233428881187505
    },
    "rotation": {
      "x": 0.010918667752557957,
      "y": 0.006667749902443452,
      "z": 0.6930255412128022,
      "w": 0.7207995026582986
    }
  }
}